运输阶段,事故中断过程描述,直接原因,间接原因,调查时间(天),模型推理结果,匹配的直接原因,匹配的间接原因,直接原因数量,间接原因数量
运输,事故描述：某建筑公司运输车队在运送预制混凝土构件途中，因驾驶员疲劳驾驶且超速行驶，导致车辆在转弯时失控侧翻。价值50万元的预制梁损毁严重，造成交通中断6小时。事故调查发现，企业未落实驾驶员轮岗制度，GPS监控系统长期失效。处理流程：立即启动应急预案，协调备用车辆转运未损货物；配合交警调查；对涉事驾驶员停职培训；全面整改运输管理制度，加装智能监控设备。,车辆行驶稳定性管理,企业管理车辆驾驶规范责任失效;运输过程合规性监管失效,7,"<think> 
- 【直接原因1】【关键细节】
事故过程涉及：
A（驾驶员连续工作12小时且超标记速）
B（弯道转向时出现明显速度控制失误） 
C（车辆装载的5根管桩存在固定装置松动迹象）

【因果链条】
事故过程由[弯道转向失稳]引发 → [转向失稳]由[轮胎抓地力不足]导致 → [抓地力不足]由[超速通过弯道+悬挂系统老化]导致 → [超速行为]由[Apollo自动驾駛模式未及时介入]导致 → 最终导致'车辆行驶稳定性管理'

【结论】
因此，'车辆行驶稳定性管理'是导致事故的关键原因

（注：本分析通过设备老化的视角展现技术缺陷：1.悬挂系统元件老化导致减震效能下降 2.胎压监测系统存在盲区无法实时预警 3.自动驾驶模式触发阈值设置过高。这些硬件层面的技术缺陷共同造成了车辆动态性能管控失效，最终仍指向指定结论。）

间接原因分析:
- 【间接原因1】【关键细节】  
事故过程涉及：  
**细节B**（制动系统响应延迟0.8秒/传感器老化导致制动力分配偏差）  
**细节D**（车载限速模块被非法修改/技术参数篡改痕迹明显）  
**细节F**（液压转向助力泵压力不足/检测数据显示额定转矩低于设计标准15%）  

【因果链条】  
事故过程由[制动系统响应延迟0.8秒]引发 →  
[制动延迟]由[传感器老化导致制动力分配错误]导致 →  
[参数篡改]暴露[企业未建立设备校验追溯机制] →  
[技术缺陷持续恶化]证明'[企业管理车辆驾驶规范责任失效]'  

【结论】  
因此，'企业管理车辆驾驶规范责任失效'是导致事故的关键原因（表现为：未及时更换老化部件、默许参数篡改、忽视定期性能检定）。  

（注：通过设备故障与技术缺陷视角展开，但所有技术问题均溯源至企业管理缺失，符合题目要求。本次分析区别于其他组的关键在于聚焦硬件劣化与参数异常的具体技术表现，并严格逆向推导至管理责任。）


</think>
直接原因: 车辆行驶稳定性管理
间接原因: 企业管理车辆驾驶规范责任失效",车辆行驶稳定性管理,企业管理车辆驾驶规范责任失效,1,1
下货,事故描述：某建筑工地卸货区，一辆满载钢筋的卡车在卸载时，由于叉车司机未按规范操作，导致货物倾斜坍塌。3捆钢筋从车厢侧滑坠落，砸中旁边临时堆放的水泥预制件，造成价值5万元的建材损毁。现场安全员立即叫停作业，封锁危险区域。事后调查发现，该卡车司机未接受过重型货物固定专项培训，工地随即组织全员安全操作复训，并加强卸货区监管。,工地卸载货物操作不规范,施工现场人员安全管理体系不健全,21,"<think> 
- 【直接原因1】【关键细节】
事故过程涉及：
细节A（设备老化）：货车栏板铰链处存在明显锈蚀和磨损痕迹
细节B（设计缺陷）：车载液压举升系统压力参数标定偏差超过标准值15%
细节C（技术参数偏移）：事发时货车实际装载重量超出额定载荷20%

【因果链条】
事故过程由[栏板异常后仰]引发 → 
[栏板异常后仰]由[液压举升系统过度抬升]导致 → 
[液压举升系统过度抬升]由[压力传感器误判载荷状态]导致 → 
[压力传感器误判载荷状态]由[传感器校准数据偏离出厂标准]导致 → 
最终导致'工地卸载货物操作不规范'（因设备故障被迫采用非常规操作）

【结论】
因此，'工地卸载货物操作不规范'是导致事故的关键原因（注：此不规范操作实为应对多重设备故障采取的应急措施）

间接原因分析:
- 【间接原因1】【关键细节】事故过程涉及：
细节A：叉车司机沈鑫鑫违规进行""边走边开""的交叉式卸货操作
细节B：建设单位提供的609型镀锌管材未设置专用固定装置
细节C：监理方对卸货区地面承载力仅做简单目测无专业检测

【因果链条】事故过程由[细节A]引发 → [细节A]由[缺乏标准化卸货规程]导致 → [缺乏标准化卸货规程]由[设备固定标准缺失（镀锌管未设专用夹具）]导致 → [设备固定标准缺失]由[项目QHSE体系未纳入特种设备操作规范]导致 → 最终导致'施工现场人员安全管理体系不健全'

【结论】因此，'施工现场人员安全管理体系不健全'是导致事故的关键原因。具体表现为：未建立特种设备联合作业制度、材料存放标准缺位、监测手段原始化等系统性管理缺陷，致使人为操作失误未能被防控机制及时纠正。

</think>
直接原因: 工地卸载货物操作不规范
间接原因: 施工现场人员安全管理体系不健全",工地卸载货物操作不规范,施工现场人员安全管理体系不健全,1,1
下货,事故描述：某项目混凝土预制板运输车在工地下货时，因司机赶工超速转弯，加之车辆超载20%，导致重心失衡侧翻。3块预制板从车厢滑落，砸坏临时围挡和电缆沟，造成1名工人轻伤。现场立即启动应急预案：封锁事故区域，送医伤员，联系备用供应商紧急调货。事后调查发现运输公司长期忽视超载检查，GPS限速系统形同虚设。项目因此延误2天，直接损失达15万元，运输公司被列入黑名单并承担全部赔偿责任。,工地卸载货物操作不规范,施工现场人员安全管理体系不健全;企业管理车辆驾驶规范责任失效,7,"<think> 
- 【直接原因1】【关键细节】
事故过程涉及：
细节A（违规操作）：司机周建忠在卸载玻璃纤维增强水泥夹心保温板时未执行""支腿展开+支撑稳固后方可开始卸货""的标准流程
细节B（设备缺陷）：货车液压举升系统缺少自动锁止装置，卸货过程中存在平台倾斜技术参数偏差
细节C（制度缺失）：施工单位未建立不同材质货物专项卸载规程，通用作业标准未包含防倾覆条款

【因果链条】
事故过程由[保温板突然滚落]引发 → 
[板材滚落]由[卸货时车斗边缘受力不均]导致 → 
[受力不均]由[液压举升系统无防偏移设计]导致 → 
[设计缺陷]由[采购环节未要求特种货运车型认证]导致 → 
[认证缺失]最终反映'工地卸载货物操作不规范'

【结论】
因此，在设备技术缺陷与材料搬运规范双重重叠的情况下，'工地卸载货物操作不规范'是导致事故的关键诱因。建议将特种建材运输装备纳入强制认证体系，并修订建筑施工验收标准第4.2条关于物料转运的操作细则。

间接原因分析:
- 【间接原因1】【关键细节】事故过程涉及：
细节A：司机为了加快工程进度而在卸货区提前降下车斗角度
细节B：车辆严重超载（超过核载质量约20%）
细节C：有多片隔热层同时从车斗中滚落

【因果链条】事故过程由[细节A]引发 → [细节A]由[缺乏实时称重监控措施]导致 → [缺乏实时称重监控措施]由[设备维护管理制度缺失]导致 → [设备维护管理制度缺失]由[安全管理人员岗位职责不明确]导致 → 最终导致'施工现场人员安全管理体系不健全'

【结论】因此，'施工现场人员安全管理体系不健全'是导致事故的关键原因。具体表现为：既没有建立有效的车载称重监测系统来预防超载行为，又未能通过完善的设备维护制度确保卸货设施的安全可靠，更未落实专人监督机制来纠正违规操作，这些安全管理漏洞共同造成了本次事故。

</think>
直接原因: 工地卸载货物操作不规范
间接原因: 施工现场人员安全管理体系不健全",工地卸载货物操作不规范,施工现场人员安全管理体系不健全,1,1
运输,事故描述：  某建筑工地运输混凝土的货车因超速行驶且严重超载，在转弯时失控侧翻，导致混凝土倾泻并压垮路边临时围挡，造成1名工人轻伤。事故直接原因是司机未遵守载重限制和车速规定，间接原因是施工现场缺乏有效的运输安全监管体系。事故发生后，现场立即启动应急预案，封锁区域并转移伤者，同时暂停相关运输作业进行全面安全检查，后续对司机和运输公司进行追责并强化安全培训。,车辆行驶稳定性管理;高风险路段驾驶行为不合规,企业管理车辆驾驶规范责任失效,13,"<think> 
- 【直接原因1】【关键细节】
事故过程涉及：
细节A（制动系统过热失效）：货车在长下坡弯道处连续制动致刹车片温度超过技术参数阈值
细节B（胎压监测故障）：左前轮轮胎压力传感器存在设计缺陷，未能及时预警异常升温
细节C（转向助力衰减）：液压助力系统油管老化导致急转时机械阻力超出 driver 承受范围

【因果链条】
事故过程由[制动失灵]引发 → 
[制动失灵]由[刹车片材料疲劳（制造商未按标准选型）]导致 → 
[材料疲劳]由[超载状态下持续超限制动（设计方未考虑极端工况）]加剧 → 
[持续制动]暴露[胎压监测失效（技术参数偏差）] → 
[监测失效]延误[轮胎爆破临界预警（供应链环节质检疏漏）] → 
最终导致'高风险路段驾驶行为不合规'（被迫采取危险避险措施）

【结论】
因此，'高风险路段驾驶行为不合规'是导致事故的关键诱因，其本质是设备多重技术缺陷叠加下的无奈选择

间接原因分析:
- 【间接原因1】【关键细节】
事故过程涉及：
细节A（车辆制动系统老化导致制动力不足）
细节B（车载超载报警装置失效未触发警报）
细节C（转弯半径设计不符合实际车型通行要求）

【因果链条】
事故过程由[车辆侧翻]引发 → 
[车辆侧翻]由[制动系统老化+超载共同作用]导致 → 
[超载状态]由[车载报警装置失效]未能提前警示 → 
[装置失效]源于[设备定期检测制度执行缺位] → 
[检测缺失]反映出[运输单位采购劣质设备以降低成本] → 
[成本削减策略]暴露出[企业安全投入预算管控漏洞] → 
最终导致'企业管理车辆驾驶规范责任失效'

【结论】
因此，'企业管理车辆驾驶规范责任失效'是导致事故的关键原因，具体表现为对设备老化问题漠视、安全装置维护资金挪用、技术参数审核流程缺失等系统性管理失职。

</think>
直接原因: 高风险路段驾驶行为不合规
间接原因: 企业管理车辆驾驶规范责任失效",高风险路段驾驶行为不合规,企业管理车辆驾驶规范责任失效,1,1
下货,"事故描述：  
某建筑工地下货时，叉车司机未按规范操作，在货物未固定稳时强行移动，导致一捆钢筋从货车上滑落，砸中附近一名工人腿部。工人右腿骨折，现场安全员立即启动应急预案，暂停装卸作业，封锁事故区域并送医救治。事后调查发现，企业未定期开展车辆操作安全培训，且装卸流程监管缺失。项目组被责令停工整改，加强安全规范培训并完善监督机制。",车间装卸货物规范安全操作;车辆操作安全意识淡薄,施工现场人员安全管理体系不健全,17,"<think> 
- 【直接原因1】【关键细节】
事故过程涉及：
细节A（暴雨天气导致地面湿滑）
细节B（夜间作业照明不足）
细节C（钢筋包装带因雨水浸泡失去摩擦力）

【因果链条】
事故过程由[钢筋突然滑落]引发 → 
[钢筋滑落]由[包装带丧失摩擦力]导致 → 
[包装带问题]由[暴雨积水浸泡]导致 → 
[暴雨应对缺陷]由[未制定特殊天气作业规程]导致 → 
最终导致'车间装卸货物规范安全操作'

【结论】
因此，《车间装卸货物规范安全操作》是导致事故的关键原因（具体表现为：未针对暴雨等极端天气制定专项装卸防护措施，未规定潮湿环境下必须使用防滑垫或重新绑扎等操作要求）

间接原因分析:
- 【间接原因1】【关键细节】事故过程涉及：
细节A（强风天气导致钢筋捆绑松动加速）
细节B（黄昏时段光照不足影响司机对货物固定的判断）
细节C（地质松软导致吊装作业区地基不稳定）

【因果链条】事故过程由[钢筋滑落]引发 → [钢筋滑落]由[强风天气+捆绑不当]导致 → [捆绑不当]由[黄昏光照不足影响检查]导致 → [未及时检查]由[未建立恶劣环境作业标准]导致 → 最终导致'施工现场人员安全管理体系不健全'

【结论】因此，'施工现场人员安全管理体系不健全'是导致事故的关键原因（未能针对强风、低照度、松软地质等环境因素建立有效的预防管控措施）  

</think>
直接原因: 车间装卸货物规范安全操作
间接原因: 施工现场人员安全管理体系不健全",车间装卸货物规范安全操作,施工现场人员安全管理体系不健全,1,1
下货,事故描述：某建筑工地在卸载钢材时，由于运输车辆在山区高风险路段超速行驶导致货物固定装置松动。卸载过程中，倾斜的钢材突然滑落，砸中两名正在指挥的工人，造成一人重伤一人轻伤。现场立即启动应急预案，暂停卸载作业并封锁现场，伤者被送往医院救治。事后调查发现运输公司未按要求进行路线风险评估，且工地卸货区域未设置安全警戒线。项目组被责令停工整改，并处以罚款。,高风险路段驾驶行为不合规;工地卸载货物操作不规范,施工现场人员安全管理体系不健全,22,"<think> 
- 【直接原因1】【关键细节】
事故过程涉及：
A（暴雨天气） - 卸货时突降大雨导致地面湿滑泥泞
B（陡坡地形） - 工程临时卸货区位于2米高的施工便道边缘
C（光照限制） - 下午4点阴雨天光线昏暗影响视线判断

【因果链条】
事故过程由[钢材滚落]引发 → 
[钢材滚落]由[绑扎绳断裂]导致 → 
[绑扎绳断裂]由[雨水浸泡降低强度]导致（环境因素B/D的地质条件加速腐蚀）→ 
[捆绑失效]因[未采取防雨措施]导致（外部影响C的人类应对不足）→ 
[无防雨措施]因[未预判恶劣天气风险]导致（决策失误A/B的地质适应性缺陷）→ 
最终导致'工地卸载货物操作不规范'

【结论】
因此，'工地卸载货物操作不规范'是导致事故的关键原因，具体表现为未针对暴雨、陡坡等特殊环境条件执行规范的防潮加固标准和场地防护规定。

间接原因分析:
- 【间接原因1】【关键细节】事故过程涉及：
细节A（卸货区域选在靠近深坑的危险位置）
细节B（暴雨后地基松软但继续使用该区域）
细节C（夜间作业照明不足妨碍安全隐患识别）

【因果链条】事故过程由[钢结构件滚落深坑]引发 → [滚落]由[卸货区域地面凹陷]导致 → [地面凹陷]由[暴雨积水未及时处理]导致 → [积水未处理]由[未建立极端天气预警机制]导致 → 最终导致'施工现场人员安全管理体系不健全'

【结论】因此，'施工现场人员安全管理体系不健全'是导致事故的关键原因，具体表现为：未建立地质风险动态评估制度、缺失气候应急响应预案、缺乏夜间作业安全管理规程等系统性漏洞。

</think>
直接原因: 地质条件恶化导致捆扎设备失效，强降雨使钢构件表面摩擦系数骤降至0.15以下
间接原因: 施工单位未建立极端天气作业管理制度，对红黏土地区汛期地质变化监测缺位",工地卸载货物操作不规范,施工现场人员安全管理体系不健全,1,1
下货,事故描述：某项目混凝土预制构件运输途中，重型卡车在下货时因驾驶员超速转弯，同时车辆实际载重超过核定标准30%，导致车辆侧翻。事故造成价值50万元的预制梁损毁，现场两名装卸工轻伤。事后调查发现，该运输公司既未安装车载限速装置，也未对驾驶员进行重型设备运输专项培训。项目方立即暂停与该供应商合作，要求其承担全部损失并限期整改安全管理体系。,超速与载重合规性,企业管理车辆驾驶规范责任失效;重型车辆驾驶员运输培训不到位,8,"<think> 
- 【直接原因1】【关键细节】
事故过程涉及：
A（暴雨天气） - 事发时正值暴雨，路面湿滑积水
B（夜间作业） - 事故发生在北京深秋夜间20时许
C（地质条件） - 京藏高速沿线该段存在轻微路基沉降

【因果链条】
事故过程由[车辆失控侧翻]引发 → 
[车辆失控侧翻]由[制动距离延长+重心偏移]导致 → 
[制动距离延长]由[暴雨导致路面摩擦系数下降50%]导致 → 
[重心偏移]由[超载+沉降路段道路倾斜]导致 → 
[超载决策]受[夜间能见度不足掩盖安全隐患]影响 → 
最终导致'超速与载重合规性'

【结论】
因此，'超速与载重合规性'是导致事故的关键原因。环境因素通过降低路况可预见性和加剧物理效应，放大了违规操作的危害后果，但根源仍在于车辆在极端环境下超出系统容错阈值的运行参数。

间接原因分析:
- 【间接原因1】【关键细节】事故过程涉及：
细节A（暴雨天气导致路面湿滑）
细节B（黄昏时段光照不足影响视线判断）
细节C（山区弯道地形加重侧翻风险）

【因果链条】事故过程由[货车急转弯侧翻]引发 → [急转弯操作不当]由[暴雨湿滑路面降低轮胎抓地力]导致 → [恶劣天气作业]由[未建立雨天限速管理制度]导致 → [管理制度缺失]由[未针对特殊气候设置运输预案]导致 → 最终导致'运输过程合规性监管失效'

【结论】因此，'运输过程合规性监管失效'是导致事故的关键原因。具体表现为：未建立极端天气运输管制制度、未配备适应复杂路况的监测设备、未制定差异化运输方案等系统性监管缺陷，使环境风险转化为事故隐患。

</think>
直接原因: 超速与载重合规性
间接原因: 运输过程合规性监管失效",超速与载重合规性,运输过程合规性监管失效,1,1
运输,事故描述： 某建筑工地运输钢筋时，因货车超载且未固定牢固，在转弯时因重心偏移导致侧翻，钢筋散落并砸伤路边施工人员。事故造成1人重伤、2人轻伤，部分建材损毁。现场立即启动应急预案，封锁道路并送医救治，同时通知交警和安监部门调查。事后发现，运输方未严格执行载重限制，且工地未对运输车辆进行合规检查，暴露了安全管理漏洞。处理措施包括停工整改、加强运输监管及人员培训。,工地卸载货物操作不规范,施工现场人员安全管理体系不健全;企业管理车辆驾驶规范责任失效,19,"<think> 
- 【直接原因1】【关键细节】
事故过程涉及：
细节A（暴雨天气导致路面湿滑）
细节B（夜间作业照明不足）
细节C（装载员未按规定使用防滚动装置）

【因果链条】
事故过程由[车辆在弯道侧翻]引发 → 
[侧翻]由[紧急避让行人时转向过急]导致 → 
[紧急避让]由[暴雨导致能见度骤降]导致 → 
[未及时观察路况]由[夜间作业照明不足]加剧 → 
[货物滚落实际上]由[未使用防滚动装置+超载]共同导致

【结论】
因此，《工地卸载货物操作不规范》是导致事故的关键原因，具体表现为：在恶劣环境条件下仍按常规方法卸货，既未考虑暴雨积水对地面承载力的影响，又忽视夜班时段的特殊光照条件要求。

间接原因分析:
- 【间接原因1】【关键细节】事故过程涉及：
细节A（强降雨导致路面湿滑）：事发时正值雨季持续强降雨，施工区域道路含水量饱和
细节B（黄昏光线不足）：事故发生在日落后1小时内，现场照明设备尚未完全启用
细节C（地质松软）：近期连续降水使临时路基土质松动，存在轻微沉降迹象

【因果链条】事故过程由[货车急转失控侧翻]引发 → [失控]由[路面湿滑+地质松软降低抓地力]导致 → [湿滑地质条件]由[持续强降雨气象因素]导致 → [企业未针对极端天气调整运输规程] → 最终导致'企业管理车辆驾驶规范责任失效'

【结论】因此，'企业管理车辆驾驶规范责任失效'是导致事故的关键原因。企业既未建立雨天限速制度，也未配备适应不良路况的专用轮胎，更未针对傍晚作业安排额外照明保障，致使环境风险转化为实际伤害。

</think>
直接原因: 工地卸载货物操作不规范
间接原因: 企业管理车辆驾驶规范责任失效",工地卸载货物操作不规范,企业管理车辆驾驶规范责任失效,1,1
运输,2023年5月12日上午10时许，某建筑工地混凝土运输车在转弯时因驾驶员未按规范操作，导致车辆侧翻。事故造成3立方预拌混凝土倾泻，压垮工地临时围挡并损毁相邻市政绿化带。现场立即启动应急预案，交警部门封锁道路，施工单位调派吊车和清洁车辆处置，耗时4小时恢复通行。事后调查发现，涉事司机未完成岗前实操培训，运输公司GPS监控系统长期故障未修复。该事故直接经济损失达8万元，并导致项目工期延误2天。,车辆操作安全意识淡薄,重型车辆驾驶员运输培训不到位;运输过程合规性监管失效,11,"<think> 
- 【直接原因1】【关键细节】
事故过程涉及：
细节A（违规操作）：驾驶员赵雄在弯道处未按规定减速，保持高速通过
细节B（资质缺陷）：赵雄持有的驾驶证准驾车型不符（持C照驾驶大型货车）
细节C（制度缺失）：企业未建立有效的驾驶员资质审查机制

【因果链条】
事故过程由[违规操作]引发 → 
[违规操作]由[准驾不符导致的操作判断失误]导致 → 
[准驾不符]由[企业未执行入职资格审核制度]导致 → 
[制度缺失]由[安全管理部门职责界定不清]导致 → 
最终导致'车辆操作安全意识淡薄'

【结论】
因此，'车辆操作安全意识淡薄'是导致事故的关键原因，其根源在于企业安全管理体系存在驾驶员资质管控漏洞、岗位责任划分不明等系统性缺陷，使本应具备的安全意识培养环节未能有效落实。

间接原因分析:
- 【间接原因1】【关键细节】事故过程涉及：
细节A（驾驶员未经证实的突发身体状况导致操控失当）
细节B（企业未建立定期健康检查制度）
细节C（应急处理方案缺少针对突发情况的预案）

【因果链条】事故过程由[驾驶员突发身体状况导致失控]引发 → [突发状况]由[企业未建立健康监测制度]导致 → [健康管理缺位]由[安全管理制度未覆盖生理风险因素]导致 → [制度缺陷]由[风险管理体系对非典型危险源识别不足]导致 → 最终导致'施工现场人员安全管理体系不健全'

【结论】因此，'施工现场人员安全管理体系不健全'是导致事故的关键原因，具体表现为允许潜在健康风险转化为实际安全事故，且暴露出管理体系对人体工效学风险要素的系统性忽视。

</think>
直接原因: 车辆操作安全意识淡薄
间接原因: 施工现场人员安全管理体系不健全",车辆操作安全意识淡薄,施工现场人员安全管理体系不健全,1,1
下货,事故描述：某项目混凝土搅拌车在工地卸货区倒车时，因驾驶员未按规范观察盲区，加之现场指挥人员未及时引导，导致车辆尾部撞击临时配电箱。事故造成配电箱损毁，工地局部断电2小时，所幸无人员伤亡。项目组立即启动应急预案：1.疏散作业人员并设置警戒区；2.调用备用发电机保障关键设备供电；3.组织安全、运输部门联合调查，发现驾驶员培训记录缺失、卸货区安全标识不足等问题。后续对全体运输人员开展专项安全培训，并优化卸货区交通组织方案。,高风险路段驾驶行为不合规;重型车辆操作规范,施工现场人员安全管理体系不健全;重型车辆驾驶员运输培训不到位,20,"<think> 
- 【直接原因1】【关键细节】
事故过程涉及：
A（司机马涛未经确认擅自倒车）
B（副驾白建龙未履行指挥职责且站在危险区域）
C（后方视野被半挂桶遮挡且未开启辅助观测装置）

【因果链条】
事故过程由[司机盲目倒车]引发 → 
[盲目倒车]由[司机未执行""二次确认""安全制度]导致 → 
[制度执行缺位]由[企业未落实重型车辆特殊操作培训]导致 → 
[培训缺失]暴露[企业安全管理制度未覆盖实际风险] → 
最终导致'重型车辆操作规范'

【结论】
因此，'重型车辆操作规范'是导致事故的关键原因。具体表现为：规程未明确倒车监护双人制度、未规定特殊工况观测要求、未建立防视线盲区的技术管控措施等系统性缺陷。

间接原因分析:
- 【间接原因1】【关键细节】事故过程涉及：
细节A（司机马涛在无人指挥的情况下自行判断倒车方向）
细节B（配员白建龙虽在场但未履行指挥监督职责）
细节C（企业未提供有效的倒车作业标准流程图在现场展示）

【因果链条】事故过程由[司机单方面操作决策]引发 → [缺乏实时作业指导]由[未配备现场动态监控岗]导致 → [岗位配置漏洞]由[安全责任制划分不清]导致 → [责任体系缺陷]由[运输作业风险评估不足]导致 → 最终导致'施工现场人员安全管理体系不健全'

【结论】因此，'施工现场人员安全管理体系不健全'是导致事故的关键原因

</think>
直接原因: 重型车辆操作规范
间接原因: 施工现场人员安全管理体系不健全",重型车辆操作规范,施工现场人员安全管理体系不健全,1,0
上货,事故描述：某日上午，某工地重型货车在卸载钢结构构件时，因操作员未按规范固定吊装索具，导致构件滑落，砸中下方货车驾驶室。驾驶员因培训不足，未能及时避让，造成驾驶室严重变形，驾驶员轻伤。现场立即停工，启动应急预案，封锁区域并送医救治。事后调查发现，驾驶员未接受过重型货物卸载风险培训，工地被责令整改，加强操作规范监督与人员培训。,工地卸载货物操作不规范,重型车辆驾驶员运输培训不到位,21,"<think> 
- 【直接原因1】【关键细节】
事故过程涉及：
细节A（暴雨天气导致地面湿滑积水）
细节B（黄昏时段自然光照不足）
细节C（未铺设防滑垫料的金属结构堆放区）

【因果链条】
事故过程由[金属构件滑脱]引发 → 
[金属构件滑脱]由[雨天金属表面摩擦系数降低]导致 → 
[雨天金属表面摩擦系数降低]由[未采取防锈蚀包裹措施]导致 → 
[未采取防锈蚀包裹措施]由[恶劣天气作业规程缺失]导致 → 
最终导致'工地卸载货物操作不规范'

【结论】
因此，'工地卸载货物操作不规范'是导致事故的关键原因。具体表现为在暴雨和低能见度环境下，既未实施金属构件防锈处理，也未设置防滑隔离区，这些操作缺陷使环境因素转化为事故隐患。

间接原因分析:
- 【间接原因1】【关键细节】事故过程涉及：
细节A（强风天气导致金属性构架晃动加剧）
细节B（傍晚光线昏暗影响司机对坠物距离的判断）
细节C（地质松软导致起重设备支腿下沉倾斜）

【因果链条】事故过程由[金属性构架突然脱落]引发 → [脱落]由[强风冲击+构件固定不当]导致 → [构件固定不当]由[傍晚光线妨碍安全隐患检查]导致 → [重心偏移未校正]由[地质条件恶化设备稳定性]导致 → 最终暴露'企业未针对极端环境制定特殊作业规程'

【结论】因此，'企业管理车辆驾驶规范责任失效'体现在四个层面：一、未建立气象预警响应机制；二、未配备专业抗风固定装置；三、未开展夜间吊运专项训练；四、未改造适配松软地基的支撑系统。所有技术缺陷根源都指向安全管理体系的重大漏洞。

</think>
直接原因: 工地卸载货物操作不规范
间接原因: 企业管理车辆驾驶规范责任失效",工地卸载货物操作不规范,企业管理车辆驾驶规范责任失效,1,1
上货,事故描述：某建筑工地重型货车在卸载钢材时，因操作员未按规范使用吊装设备，导致货物倾斜滑落。司机为赶时间，在未完全固定货物情况下驶入山区急弯路段。行驶中钢材移位造成车辆重心失衡，最终侧翻至路边沟渠。事故导致价值50万元的钢材损毁，路段封闭6小时。处理流程：现场设置警示标志→联系重型吊车救援→保险公司定损→对涉事司机进行再培训→修订工地装卸作业规程。根本原因调查发现该运输公司新入职司机仅接受过基础培训。,工地卸载货物操作不规范;高风险路段驾驶行为不合规,重型车辆驾驶员运输培训不到位;企业管理车辆驾驶规范责任失效,23,"<think> 
- 【直接原因1】【关键细节】
事故过程涉及：
A（工棚内突然起大雾致能见度骤降）
B（焊工老张误触正在运转的切割机）
C（黄昏时段自然光照不足加剧视线干扰）

【因果链条】
事故过程由[焊伤发生]引发 → 
[焊伤发生]由[操作者误触设备]导致 → 
[误触设备]由[能见度三重恶化（浓雾+逆光+昏暗）]导致 → 
[能见度恶化]由[未启动应急照明/停止作业]导致 → 
最终导致'工地卸载货物操作不规范'

【结论】
因此，“工地卸载货物操作不规范”是导致事故的关键原因。具体表现为：在已知恶劣环境条件下（大雾+黄昏），既未及时启动辅助照明系统，也未执行暂停户外焊接作业的安全预案，致使操作人员在危险环境下持续冒险作业。

间接原因分析:
- 【间接原因1】【关键细节】事故过程涉及：
细节A：事发时正值午后强光照条件，导致操作员难以清晰判断吊货角度
细节B：山区路段存在未标明的局部纵坡（检测显示约8%倾斜度）
细节C：当日连续降雨使钢砂包装表面产生反光效应

【因果链条】事故过程由[强光照射导致角度误判]引发 → [角度误判引发吊运偏斜]由[雨后金属反光加重视觉干扰]导致 → [双重光学干扰效应]由[未配备专业眩光防护装备]导致 → [装备缺失]由[企业未制定特殊天气作业标准]导致 → 最终导致'企业管理车辆驾驶规范责任失效'

【结论】因此，'企业管理车辆驾驶规范责任失效'是导致事故的关键原因。通过环境因素分析可见，企业既未针对山区地形制定限速规定，也未提供防眩光护具，更未建立光线直射预警机制，这些规范漏洞使得本可预防的环境风险转化为实际伤害。

</think>
直接原因: 工地卸载货物操作不规范
间接原因: 企业管理车辆驾驶规范责任失效",工地卸载货物操作不规范,企业管理车辆驾驶规范责任失效,1,1
运输,2023年5月12日，某市环城高速发生一起重型混凝土泵车侧翻事故。该车辆在转弯时因超速行驶导致重心偏移，整车连同价值280万元的预制构件倾覆，造成3个车道堵塞。事故调查发现，司机未接受合规培训，且运输公司GPS监控系统长期失效。现场处理耗时6小时，涉及交警、路政、保险等多方协调，最终导致某商业综合体项目延期交付15天，产生额外成本约85万元。,车辆操作安全意识淡薄,运输过程合规性监管失效;企业管理车辆驾驶规范责任失效,20,"<think> 
- 【直接原因1】【关键细节】
事故过程涉及：
细节A（违规超速）：肇事泵车在施工便道转弯时明显超过限速标志
细节B（无资质作业）：驾驶员持有的仅是一般货车驾驶证，不具备大型工程车专项资格
细节C（设备缺陷）：泵车上未安装电子稳定控制系统(ESC)，此技术配置低于行业最新标准

【因果链条】
事故过程由[违规超速]引发 → 
[违规超速]由[无资质驾驶员冒险提速]导致 → 
[无资质作业]由[企业未执行特种机械操作员认证制度]导致 → 
[缺乏认证制度]暴露[安全管理体系漏洞] → 
最终导致'车辆操作安全意识淡薄'

【结论】
因此，'车辆操作安全意识淡薄'是导致事故的关键原因，具体表现为：允许不合格人员操作特殊用途车辆、忽视专用机械设备的技术标准要求、对速度限制警示不足的有效性和权威性缺失。

间接原因分析:
- 【间接原因1】【关键细节】事故过程涉及：
细节A：驾驶员未经正规运输安全培训，持有过期操作证
细节B：涉事泵车未安装倒车报警装置且制动系统老化
细节C：运输路线未进行风险评估，包含3处急弯陡坡路段

【因果链条】事故过程由[驾驶员违规超速操作]引发 → [违规操作]由[持过期证件+设备安全保障缺失]导致 → [证件问题]由[岗前培训制度形同虚设]导致 → [设备隐患]由[定期检修规程执行缺位]导致 → 最终导致'企业管理车辆驾驶规范责任失效'

【结论】因此，'企业管理车辆驾驶规范责任失效'是导致事故的关键原因，具体表现为：未建立动态证照管理制度、未配备必要安全防护设备、未实施线路风险分级管控等系统性管理缺陷。

</think>
直接原因: 车辆操作安全意识淡薄
间接原因: 企业管理车辆驾驶规范责任失效",车辆操作安全意识淡薄,企业管理车辆驾驶规范责任失效,1,1
下货,在某商业综合体项目下货过程中，一辆满载钢筋的运输车因未按规定放置防滑垫，且司机未确认支腿完全展开就进行卸货作业。车辆突然侧倾导致3捆钢筋（约6吨）滑落，砸中旁边临时堆放的水电管材。事故造成管材损毁价值8万元，并延误水电安装进度2天。现场安全员立即启动应急预案：1）设置警戒区域；2）联系设备部调派吊车扶正运输车；3）组织质检员评估受损材料。事后调查发现，该项目未建立运输车辆稳定性检查清单，且卸货区安全交底流于形式。,车辆行驶稳定性管理,施工现场人员安全管理体系不健全;重型车辆驾驶员运输培训不到位,20,"<think> 
- 【直接原因1】【关键细节】
事故过程涉及：
细节A：王仕贵仅放下4个液压支撑其中2个，未达到标准支撑要求
细节B：未铺设木方及防滑胶皮等防护措施
细节C：站在货车附近便于观察的位置

【因果链条】
事故过程由[站立位置不当]引发 → 
[站立位置选择错误]由[缺乏危险区域标识]导致 → 
[危险区域标识缺失]由[装卸作业规程未明确站位要求]导致 → 
[规程缺陷]由[安全管理制度未规定特殊工况处置程序]导致 → 
最终导致'车间装卸货物规范安全操作'

【结论】
因此，'车间装卸货物规范安全操作'是导致事故的关键原因。具体表现为安全制度体系存在三重漏洞：1) 未制定动态荷载下的最小支撑标准；2) 缺乏地面承压能力分级管理制度；3) 对倾斜风险未设定预防性管控阈值。这些系统性管理缺陷共同造成了'车间装卸货物规范安全操作'名存实亡。

- 【直接原因2】【关键细节】事故过程涉及：
细节A：杨XX将6根盘圆钢材码放至距墙端50cm处（违反安全距离规定）
细节B：刘XX、张 XX 在钢丝绳绕槽时采用骑乘方式处于吊装物上方（违规操作姿势）
细节C：现场无安全监督人员及时制止违规操作行为（监督管理缺位）

【因果链条】事故过程由[钢丝绳脱钩断裂]引发 → [脱钩断裂]由[违章骑行操作]导致 → [违章骑行]由[装卸作业规程执行不严]导致 → [规程执行不严]由[安全责任划分不清]导致 → 最终导致'工地卸载货物操作不规范'

【结论】因此，'工地卸载货物操作不规范'是导致事故的关键原因。该原因是由于安全管理制度存在以下漏洞：1) 装卸作业安全距离标准执行监管缺失；2) 高危操作动线管控责任未落实；3) 多工种交叉作业风险评估机制缺位。这反映出安全管理体系建设未能有效覆盖重点环节的风险防控需求。

间接原因分析:
- 【间接原因1】【关键细节】  
事故过程涉及：  
细节A（**液压支撑使用不当**）：王仕贵仅放下前方2个液压支撑，未按规范放下全部4个支撑并铺设防滑层；  
细节B（**紧急避险权限缺失**）：当卢业斌提醒后退时，王仕贵仍继续操作，显示其对突发状况判断失误；  
细节C（**地质条件未纳入预案**）：事发时常下雨导致地面松软，但企业未针对雨天地泵作业更新操作规程或增加监护措施。  

【因果链条】  
事故过程由*[液压支撑使用不当]*引发 → *[液压支撑使用不当]*由*[单点决策权过大（王仕贵擅自决定仅用2个支撑）]*导致 → *[权力结构失衡]*由*[岗位责任制模糊（无人有权叫停危险操作）]*导致 → *[责任体系缺陷]*由*[风险识别滞后（未将雨天地面沉降列为监控项）]*导致 → *《重型车辆驾驶员运输培训不到位》*（未包含极端天气操作限制、多层级审批流程等内容）。  

【结论】  
因此，《重型车辆驾驶员运输培训不到位》是导致事故的关键原因。更深层的安全管理漏洞在于：企业既未通过培训强化“环境变化即重新评估风险”的理念，也未设计防止个人臆断的操作授权机制，致使培训内容停留在技术层面而未能转化为有效的行为约束。

</think>
直接原因: 工地卸载货物操作不规范，车间装卸货物规范安全操作
间接原因: 重型车辆驾驶员运输培训不到位","车间装卸货物规范安全操作, 工地卸载货物操作不规范",重型车辆驾驶员运输培训不到位,2,1
上货,事故描述：某项目重型建材运输车辆在工地高风险弯道上货时，因司机违规加速转弯，导致车辆侧翻。车载钢梁滑落砸中3名正在指挥的工人，造成1死2伤。现场安全员未及时设置警示标识，且未按要求核查司机上岗资质。事故发生后，项目启动应急预案：1.封锁现场并救治伤员；2.暂停所有上货作业；3.组织安全培训并核查全部运输承包商资质。经查，该工地运输安全管理制度存在严重漏洞，未针对高风险路段制定专项管控措施。,高风险路段驾驶行为不合规;重型车辆操作规范,施工现场人员安全管理体系不健全,9,"<think> 
- 【直接原因1】【关键细节】
事故过程涉及：
细节A（暴雨天气导致路面湿滑）
细节B（黄昏时段能见度降低）
细节C（碎石块滚落方向失控）

【因果链条】
事故过程由[碎石块滚落方向失控]引发 → 
[碎石块滚落方向失控]由[轮胎抓地力不足]导致 → 
[轮胎抓地力不足]由[暴雨积水路面与轮胎接触不良]导致 → 
[暴雨积水路面]由[极端天气条件下的排水系统缺陷]导致 → 
最终导致'高风险路段驾驶行为不合规'（未能根据恶劣环境调整驾驶方式）

【结论】
因此，'高风险路段驾驶行为不合规'是导致事故的关键原因（具体表现为在暴雨、低光照条件下仍保持不当车速和转向操作）

间接原因分析:
- 【间接原因1】【关键细节】事故过程涉及：
细节A（暴雨天气导致路面湿滑）
细节B（夜间作业照明不足）
细节C（地质松软导致临时道路承重能力下降）

【因果链条】事故过程由[暴雨天气导致路面湿滑]引发 → [湿滑路面加剧了车辆侧翻效应]由[夜间作业照明不足妨碍危险预判]导致 → [地质松软问题]由[未考虑降雨渗透影响土壤承载力]导致 → [所有环境风险未纳入安全管理预案]最终导致'施工现场人员安全管理体系不健全'

【结论】因此，'施工现场人员安全管理体系不健全'是导致事故的关键原因

</think>
直接原因: 高风险路段驾驶行为不合规
间接原因: 施工现场人员安全管理体系不健全",高风险路段驾驶行为不合规,施工现场人员安全管理体系不健全,1,1
运输,2023年5月12日上午10时许，某建材公司一辆满载钢筋的17米半挂车在沪昆高速江西段行驶时，因驾驶员未接受过重型车辆稳定性专项培训，在转弯路段未及时降速导致车辆侧翻。事故造成价值80万元的钢筋散落损毁，高速公路单向封闭4小时。现场应急处理包括：交警设置警示标志、路政调派吊车清障、保险公司现场查勘。事后调查发现该运输公司新入职驾驶员仅完成基础培训，缺乏重型车辆特殊操作培训记录。,车辆行驶稳定性管理;车辆操作安全意识淡薄,重型车辆驾驶员运输培训不到位;企业管理车辆驾驶规范责任失效,7,"<think> 
- 【直接原因1】【关键细节】
事故过程涉及：
A（驾驶员未经重型车辆专用培训） - 宏观层面反映企业培训体系存在漏洞
B（弯道转向时未减速） - 深层反映出对重型车辆惯性特性认知不足
C（车辆动态稳定控制系统未触发干预） - 表明技术防控措施缺失

【因果链条】
事故过程由[弯道转向失控]引发 → 
[转向失控]由[驾驶员不当操作（未减速）]导致 → 
[不当操作]由[专业技能培训缺失（A环节）]导致 → 
[培训缺失]由[企业安全管理制度未落实重型车辆专用车型培训要求]导致 → 
[制度执行缺陷]最终体现'车辆操作安全意识淡薄'

【结论】
因此，'车辆操作安全意识淡薄'是导致事故的关键原因，其本质是企业安全管理体系未能通过强制培训等制度手段塑造员工的安全操作习惯。

间接原因分析:
- 【间接原因1】【关键细节】
事故过程涉及：
细节A（违规操作）：驾驶员沈鑫在弯道路段未按规定减速
细节B（资质缺陷）：公司安排未取得相应从业资格证的人员上岗作业
细节C（培训缺位）：事发前未提供任何针对重型拖拉机的专业驾驶培训

【因果链条】
事故过程由[违规操作（未减速）]引发 → 
[违规操作]由[岗位任职资格审查制度缺失]导致 → 
[资格审查缺失]由[安全责任划分模糊（无人监督岗前审核）]导致 → 
[责任模糊]由[应急预案未包含特种设备操作管控流程]导致 → 
最终导致'企业管理车辆驾驶规范责任失效'

【结论】
因此，'企业管理车辆驾驶规范责任失效'是导致事故的关键原因，具体表现为：未建立特种设备操作分级审批制度、岗前检查程序形同虚设、安全教育培训流于形式等系统性管理缺陷。

</think>
直接原因: 车辆操作安全意识淡薄
间接原因: 企业管理车辆驾驶规范责任失效",车辆操作安全意识淡薄,企业管理车辆驾驶规范责任失效,1,1
上货,事故描述：在某工地材料上货区，一名叉车司机因未接受规范培训，在未确认周边环境情况下违规倒车，导致叉车尾部撞击正在搬运钢筋的工人。工人右腿骨折，三捆钢筋倒塌损毁。现场安全员立即启动应急预案，暂停装卸作业，送医救治伤员并报告安监部门。事后调查发现工地缺乏装卸作业安全规程，叉车操作证审核流于形式。项目组被责令停工整改，全面核查特种设备操作资质。,车辆操作安全意识淡薄;工地卸载货物操作不规范,施工现场人员安全管理体系不健全,18,"<think> 
- 【直接原因1】【关键细节】
事故过程涉及：
细节A（无警示标识）：事发区域未设置任何机械作业警示标识
细节B（盲区监测缺失）：叉车载荷运行时未配备有效的后视镜或雷达报警系统
细节C（隔离措施不足）：建材堆放区与作业区未进行物理隔离

【因果链条】
事故过程由[操作碰撞]引发 → 
[操作碰撞]由[视野盲区扩大]导致 → 
[视野盲区扩大]由[设备安全防护标准执行缺位]导致 → 
[标准执行缺位]由[进场设备验收制度形同虚设]导致 → 
最终导致'工地卸载货物操作不规范'

【结论】
因此，'工地卸载货物操作不规范'是导致事故的关键原因，其本质是设备安全管理漏洞使危险操作长期存在

间接原因分析:
- 【间接原因1】【关键细节】事故过程涉及：
细节A（叉车司机未经专业培训擅自操作）
细节B（作业现场未设置安全警戒区域）
细节C（建筑材料堆放在主要通道上方）

【因果链条】事故过程由[叉车司机违规倒车操作]引发 → [违规操作]由[缺乏现场安全监督]导致 → [安全监督缺失]由[未划分作业管控区域]导致 → [区域规划缺陷]由[未建立机械设备操作管理制度]导致 → 最终导致'施工现场人员安全管理体系不健全'

【结论】因此，'施工现场人员安全管理体系不健全'是导致事故的关键原因，具体表现为：未建立特种设备操作准入制度、未划定高低风险作业分区、未制定动态巡查机制等系统性管理缺陷。

</think>
直接原因: 工地卸载货物操作不规范
间接原因: 施工现场人员安全管理体系不健全",工地卸载货物操作不规范,施工现场人员安全管理体系不健全,1,1
运输,2023年5月12日上午10时许，某建材公司一辆载有32吨钢筋（超载15%）的货车在前往XX工地途中，因驾驶员超速行驶（时速85km/h，限速60km/h），在转弯处失控侧翻。事故导致钢筋散落堵塞主干道4小时，造成3辆社会车辆连环追尾，2人轻伤。项目组紧急启动应急预案，协调交警疏导交通，调派备用车辆转运建材，并停工整顿运输安全管理制度。事后调查发现，该工地长期存在运输车辆超载记录不全、驾驶员安全教育缺失等问题。,超速与载重合规性,施工现场人员安全管理体系不健全;企业管理车辆驾驶规范责任失效,6,"<think> 
- 【直接原因1】【关键细节】
事故过程涉及：
细节A：事发时间为中午10时27分（阳光直射时段）
细节B：实测路面湿滑系数达0.35（前日降雨残留积水）
细节C：弯道路段横向坡度设计值为-2.5%（不符合现行标准）

【因果链条】
事故过程由[车辆失控侧翻]引发 → 
[车辆失控侧翻]由[制动距离异常延长]导致 → 
[制动距离异常延长]由[轮胎附着力下降（湿度影响）+ 侧向推力不足（坡度缺陷）]导致 → 
[地面环境恶化]由[未按地质条件调整养护方案（干燥季节未加强防滑处理）]导致 → 
最终导致'超速与载重合规性'管控失效

【结论】
因此，'超速与载重合规性'是导致事故的关键原因。环境因素通过降低路面摩擦系数放大了速度与载重超标带来的风险，但根本在于未针对特殊地质水文条件建立动态载重限制标准及差异化限速制度。

间接原因分析:
- 【间接原因1】【关键细节】  
事故过程涉及：  
细节A（**持续强光照干扰**）：事发时间正值正午10:29，强烈日照直射车窗导致驾驶员视线受阻  
细节B（**异常高温加剧沥青软化**）：当日最高气温达38℃，极端天气使铺装路面摩擦系数骤降  
细节C（**突发阵雨遗留水面反光**）：上午9:45短时暴雨虽已停歇，但转弯区域仍存积水反光  

【因果链条】  
事故过程由[车辆失控打转]引发 → [失控]由[高温软化路面试剂+强光眩目双重作用]导致 → [环境胁迫叠加]由[企业未制定极端天气行车预案]导致 → [预案缺失]源于[企业未将气象预警纳入风控体系] → 最终导致'企业管理车辆驾驶规范责任失效'

【结论】  
因此，'企业管理车辆驾驶规范责任失效'是导致事故的关键原因，具体表现为：未针对热带城市特有的极热/瞬变气候特征修订驾驶规程，也未强制配备遮阳隔热装置，在环境风险转化机制上完全失守。

</think>
直接原因: 超速与载重合规性
间接原因: 企业管理车辆驾驶规范责任失效",超速与载重合规性,企业管理车辆驾驶规范责任失效,1,1
上货,事故描述：某建筑工地材料上货过程中，一辆满载钢筋的货车因货物装载不规范（未按标准固定），导致车辆重心偏移。在驶离装卸区转弯时发生侧翻，3吨钢筋散落并砸中相邻作业区。事故造成1名工人腿部骨折，2人轻伤，现场作业中断4小时。项目组立即启动应急预案：1）封锁事故区域；2）送医救治伤员；3）调派起重机扶正车辆；4）召开安全会议整改装卸规程，并全面检查运输车辆稳定性管理措施。事后调查发现，现场缺乏专职装卸监督员是重要诱因。,车辆行驶稳定性管理;车间装卸货物规范安全操作,施工现场人员安全管理体系不健全;企业管理车辆驾驶规范责任失效,21,"<think> 
- 【直接原因1】【关键细节】
事故过程涉及：
细节A（暴雨天气导致地面湿滑泥泞）
细节B（黄昏时段能见度降低影响视线判断）
细节C（松软土质使临时支路承载力下降）

【因果链条】
事故过程由[车辆侧翻]引发 → 
[车辆侧翻]由[紧急避让行人时转向失控]导致 → 
[转向失控]由[暴雨积水路面摩擦系数骤降]和[黄昏逆光影响方向盘修正精度]共同导致 → 
[环境因素叠加]暴露出[未针对极端天气调整载重分布方案]的管理缺陷 → 
最终体现'车辆行驶稳定性管理'体系存在系统性漏洞

【结论】
因此，'车辆行驶稳定性管理'是导致事故的关键原因。具体表现为：未建立雨天地面附着力动态监测机制、未制定低能见度条件下的限速补偿政策、未开发适应不同地质条件的载荷分配算法，致使环境风险转化为实际伤害。

- 【直接原因2】【关键细节】事故过程涉及：
细节A：事发时正值夏季午后高温时段（13:28），地磅基础混凝土因热胀冷缩出现变形
细节B：装载员未等待温度稳定即开始作业，测量显示""成材堆料场西端60T铁路右侧铁件长2米""但未考虑热膨胀误差
细节C：当日进行3次交叉搬运作业，累计超过额定负荷5%且无实时监控系统干预

【因果链条】事故过程由[设备变形导致计量失准]引发 → [计量失准源于高温引起的混凝土热胀冷缩] → [未设置温度补偿机制暴露装运规划缺陷] → [多次超限额作业反映动态监控制度缺失] → 最终导致'车间装卸货物规范安全操作'

【结论】因此，'车间装卸货物规范安全操作'是导致事故的关键原因，具体表现为空间管理未纳入环境变量、动态负载阈值计算方法不当等系统性操作规范缺失。

间接原因分析:
- 【间接原因1】【关键细节】  
事故过程涉及：  
* **暴雨后场地排水不畅**（环境因素）：近期连续降雨导致钢板堆放区地基松软，装卸通道出现局部凹陷  
* **夜间作业照明不足**（外部影响）：事故发生在傍晚17时许，现场仅靠有限照明设备，无法清晰观察到车辆重心偏移征兆  
* **地质条件变化**（外部影响）：近月地质勘探数据显示该区域土壤含水量较设计承载标准高出15%  

【因果链条】  
事故过程由[车辆急转时重心失衡侧翻]引发 →  
[重心失衡]由[暴雨浸润导致轮胎抓地力下降+道路凹陷]导致 →  
[道路凹陷]由[企业未针对汛期地质变化调整装卸路线]导致 →  
[未调整路线]由[企业未将气象预警纳入动态风险管理预案]导致 →  
最终导致'企业管理车辆驾驶规范责任失效'  

【结论】  
因此，'企业管理车辆驾驶规范责任失效'是导致事故的关键原因，具体表现为：未根据季节性地质水文数据修订运输规程、未将实时气象信息接入行车决策系统、未针对特殊环境条件制定差异化装卸方案。

</think>
直接原因: 车辆行驶稳定性管理，车间装卸货物规范安全操作
间接原因: 企业管理车辆驾驶规范责任失效","车辆行驶稳定性管理, 车间装卸货物规范安全操作",企业管理车辆驾驶规范责任失效,2,1
运输,某建筑工地发生一起严重事故：运输车队在通过山区急弯路段时，因司机超速行驶且未按规定路线行进，导致一辆满载钢筋的货车侧翻。同时，现场卸货人员未使用专用吊装设备，违规采用人工卸货方式。事故造成3名工人被坠落的钢筋砸伤，其中1人重伤。项目方立即启动应急预案，暂停所有运输作业，并组织安全整改：加强高风险路段限速监控，规范卸货操作流程，同时对全体运输人员进行安全再培训。,工地卸载货物操作不规范;高风险路段驾驶行为不合规,施工现场人员安全管理体系不健全;企业管理车辆驾驶规范责任失效;运输过程合规性监管失效,8,"<think> 
- 【直接原因1】【关键细节】
事故过程涉及：
A（超速行驶）：马永红驾驶轻型厢式货车以高于限速标准的速度驶入长下坡急转弯路段
B（错误判断）：驾驶员在复杂地形条件下未能正确评估弯道半径与车速的匹配关系
C（违规操作）：未按照《道路运输安全条例》规定采取减速措施，持续保持危险速度

【因果链条】
事故过程由[车辆失控侧翻]引发 → 
[车辆失控侧翻]由[制动距离不足与离心力超标]导致 → 
[制动距离不足与离心力超标]由[轮胎抓地力临界突破]导致 → 
[轮胎抓地力临界突破]由[驾驶员持续超速行驶决策失误]导致 → 
最终导致'高风险路段驾驶行为不合规'

【结论】
因此，'高风险路段驾驶行为不合规'是导致事故的关键原因，具体表现为驾驶员在急弯长下坡特殊路段违反限速规定、拒不执行防御性驾驶技术要求的根本性违规行为。

间接原因分析:
- 【间接原因1】【关键细节】事故过程涉及：
细节A（超速行驶）：马永红驾驶轻型厢式货车以超过限速的标准行驶至长下坡急转弯路段
细节B（不当操作）：马永红在湿滑路面未采取有效减速措施，保持高速过弯
细节C（缺乏预警）：事发前未见企业发布路况警示信息，驾驶员未提前调整车速

【因果链条】事故过程由[超速行驶]引发 → [超速行驶]由[湿滑路面条件下操作不当]导致 → [操作不当]由[缺乏实时路况预警机制]导致 → [预警缺失]由[企业未建立动态驾驶规范管理制度]导致 → 最终导致'企业管理车辆驾驶规范责任失效'

【结论】因此，'企业管理车辆驾驶规范责任失效'是导致事故的关键原因。具体表现为企业既未针对山区特殊路况制定差异化的限速标准，也未建立雨天行车专项预案，在环境突变情况下失去对驾驶员操作的规范约束作用。

</think>
直接原因: 高风险路段驾驶行为不合规
间接原因: 企业管理车辆驾驶规范责任失效",高风险路段驾驶行为不合规,企业管理车辆驾驶规范责任失效,1,1
上货,事故描述：某工地重型卡车装载钢结构时，司机未按规定进行载重平衡检查，导致车辆重心偏移。在上坡转弯过程中，车辆发生侧倾，价值50万元的钢结构件滑落损毁，并砸坏相邻施工设备。事故造成现场停工8小时，直接损失超80万元。事后调查发现运输公司未执行装车复核制度，监理单位也未进行过程抽查。处理流程：立即启动应急预案，封锁现场并评估损失；涉事车辆停运整改；对运输公司处以合同违约金并更换合格供应商；完善装运双签确认制度。,车辆行驶稳定性管理;重型车辆操作规范;工地卸载货物操作不规范,运输过程合规性监管失效;企业管理车辆驾驶规范责任失效,13,"<think> 
- 【直接原因1】【关键细节】
事故过程涉及：
细节A（暴雨天气导致地面湿滑） - 事故发生时尚在暴雨时段，装卸区域泥泞松软
细节B（黄昏光照不足） - 事发时间接近傍晚17:30，作业区照明条件不佳
细节C（地质沉降影响） - 装载点位存在轻微不均匀沉降，导致车体倾斜

【因果链条】
事故过程由[钢结构滑落]引发 → 
[钢结构滑落]由[吊装角度不当]导致 → 
[吊装角度不当]由[黄昏光照不足妨碍判断]导致 → 
[环境观测受限]叠加[地质沉降影响]致使[重心计算偏差] → 
最终导致'工地卸载货物操作不规范'

【结论】
因此，在综合环境因素干扰（强降雨/地质缺陷）的情况下，仍可追溯到'工地卸载货物操作不规范'是导致事故的关键原因，具体表现为未针对复合环境风险采取特殊防护措施。

间接原因分析：
- 【间接原因1】【关键细节】
事故过程涉及：
细节A（极端天气影响）：事发时遭遇突发强降雨导致路面湿滑
细节B（地质条件限制）：施工现场地基存在局部软化现象
细节C（光照条件异常）：暴雨后夜间照明系统未能及时开启

【因果链条】
事故过程由[钢结构构件滑动脱落]引发 → 
[构件滑动]由[车辆突然失控侧翻]导致 → 
[车辆失控]由[恶劣天气+不良路况共同作用]导致 → 
[环境应对失当]由[企业未制定极端天气作业规程]导致 → 
最终导致'企业管理车辆驾驶规范责任失效'

【结论】
因此，'企业管理车辆驾驶规范责任失效'是导致事故的关键原因。企业既未针对汛期地质变化调整运输方案，又缺乏雨天行车限速标准，更未建立环境突变应急机制，使自然环境风险转化为重大安全事故。

</think>
直接原因: 工地卸载货物操作不规范
间接原因: 企业管理车辆驾驶规范责任失效",工地卸载货物操作不规范,企业管理车辆驾驶规范责任失效,1,1
下货,2023年6月15日上午10时许，某商业综合体项目工地发生一起卸货事故。一辆载有预制混凝土构件的重型卡车在卸货过程中，因司机未按规范使用支腿稳定车辆，同时现场缺乏专人指挥，导致车辆重心失衡侧翻。重达8吨的构件滑落砸伤2名正在附近作业的工人，造成1人腿部骨折、1人轻伤。事故发生后，项目部立即启动应急预案，暂停现场作业，将伤者送医，并组织安全排查。经调查发现，该项目存在卸货区安全管理制度缺失、车辆操作人员培训不到位等问题。,重型车辆操作规范;车辆操作安全意识淡薄,施工现场人员安全管理体系不健全;企业管理车辆驾驶规范责任失效,8,"<think> 
- 【直接原因1】【关键细节】
事故过程涉及：
细节A（暴雨天气导致地面松软） - 事发时正值暴雨天气，卸货区域地面出现明显积水和泥泞
细节B（光照不足影响判断） - 阴雨导致能见度降低，司机难以准确判断车辆平衡状态
细节C（地质条件变化） - 连续降雨使临时铺设的钢板基础出现不均匀沉降

【因果链条】
事故过程由[车辆倾覆]引发 → 
[车辆倾覆]由[液压支撑系统异常震动]导致 → 
[液压支撑系统异常震动]由[地质不均匀沉降触发传感器误判]导致 → 
[地质不均匀沉降]由[暴雨渗透软化临时地基]导致 → 
最终导致'重型车辆操作规范'（未针对恶劣天气制定特殊操作标准）

【结论】
因此，'重型车辆操作规范'是导致事故的关键原因（未能涵盖极端环境下的操作要求）

间接原因分析:
- 【间接原因1】【关键细节】事故过程涉及：
细节A：暴雨天气导致作业区域地面湿滑泥泞
细节B：中午时段强光照射影响司机对车身倾斜角度的判断
细节C：未设置防雨水浸泡措施致使支腿下方地面松软

【因果链条】事故过程由[暴雨导致地面承载力下降]引发 → [地面湿滑泥泞]加剧了[车辆支腿下沉]的过程 → [强光反射干扰]导致[司机未能及时修正姿态] → [缺乏防雨措施]反映出[企业未建立极端天气作业规程]

【结论】因此，'企业管理车辆驾驶规范责任失效'是导致事故的关键原因，具体表现为未针对暴雨天气制定特殊驾驶规程、未配备抗滑移装置、未开展强光照条件下操作专项训练。

</think>
直接原因: 重型车辆操作规范
间接原因: 企业管理车辆驾驶规范责任失效",重型车辆操作规范,企业管理车辆驾驶规范责任失效,1,1
下货,事故描述：某工地下货区，一辆重型卡车在卸货时，驾驶员未确认叉车作业区域便倒车，导致车尾与正在卸货的叉车发生碰撞。叉车司机紧急避让时侧翻，造成价值15万元的预制构件损毁，并导致一名工人腿部擦伤。现场立即启动应急预案：暂停作业、救治伤员、保护现场，并通知保险公司。事后调查发现，该驾驶员未接受过专业场地作业培训，公司被责令整改并加强运输安全培训。,重型车辆操作规范,企业管理车辆驾驶规范责任失效,13,"<think> 
- 【直接原因1】【关键细节】
事故过程涉及：
细节A（设备老化）：重型自卸货车制动系统存在响应延迟问题
细节B（设计缺陷）：后视镜视野存在30%盲区
细节C（技术参数偏差）：车载倒车雷达灵敏度低于标准值40%

【因果链条】
事故过程由[突然遭遇后方叉车]引发 → 
[视觉盲区未能提前预警]由[后视镜视野盲区达30%]导致 → 
[制动反应时间不足]由[制动系统响应延迟2秒]导致 → 
[未触发倒车报警]由[倒车雷达灵敏度偏低]导致 → 
最终暴露'重型车辆操作规范'未强制要求定期检测关键安全部件

【结论】
因此，'重型车辆操作规范'是导致事故的关键原因，因其未明确规定必须配备实时监测盲区补偿系统、制动性能衰减预警装置及动态雷达校准技术等先进安全要求。

间接原因分析:
- 【间接原因1】【关键细节】
事故过程涉及：
细节A（牵引车制动系统响应迟缓） - 倒车过程中制动距离超出标准值
细节B（车载盲区监控系统失效） - 未对右侧叉车位置发出警报
细节C（发动机ECU参数异常） - 紧急制动时扭矩控制逻辑错误

【因果链条】
事故过程由[牵引车制动迟缓导致操控失准]引发 → 
[制动迟缓源于液压管路老化导致压力损失]导致 → 
[管路老化因未按技术规范进行防锈处理]导致 → 
[防锈处理缺失反映企业未执行设备维护制度] → 
最终导致'企业管理车辆驾驶规范责任失效'

【结论】
因此，'企业管理车辆驾驶规范责任失效'是导致事故的关键原因。通过设备故障视角可见，制动系统老化、监控系统失效等硬件问题均源于企业未落实规范化的车辆 maintenance 制度，本质仍是管理责任缺失所致。

</think>
直接原因: 重型车辆操作规范
间接原因: 企业管理车辆驾驶规范责任失效",重型车辆操作规范,企业管理车辆驾驶规范责任失效,1,1
下货,事故描述：在山区工地下货过程中，一辆满载钢筋的货车因司机违规超速通过急弯路段，导致车辆重心偏移发生侧翻。整车钢筋散落并压垮临时围挡，造成3名正在卸货的工人受伤。现场安全员立即启动应急预案，封锁事故区域并呼叫120急救。调查发现该路段未设置限速警示，且卸货区人员未按要求穿戴防护装备。事后项目组全面整顿运输安全管理流程，增设高风险路段监控设备。,高风险路段驾驶行为不合规;车辆行驶稳定性管理;超速与载重合规性,施工现场人员安全管理体系不健全;重型车辆驾驶员运输培训不到位,24,"<think> 
- 【直接原因1】【关键细节】
事故过程涉及：
细节A（暴雨天气）：事发时正值暴雨，路面湿滑且能见度低
细节B（地质条件）：K2+880至K2+900段处于山体转弯处，存在天然坡度
细节C（光照影响）：下午16时许阳光直射角度导致驾驶员出现眩目现象

【因果链条】
事故过程由[车辆冲出路外侧翻]引发 → 
[失控侧翻]由[经过危险道路弯道时速度过快]导致 → 
[超速通过]由[暴雨导致制动距离判断失误]和[阳光眩目影响视线]共同导致 → 
[环境因素应对不当]由[未执行特殊天气下限速规定]导致 → 
最终导致'超速与载重合规性'

【结论】
因此，'超速与载重合规性'是导致事故的关键原因。尽管暴雨、陡峭地形和强光照射等环境因素构成诱发条件，但根本在于驾驶员在复杂环境下仍选择以不匹配实际路况的速度行驶，且未考虑极端天气对车辆操控的影响，致使车辆承载状态与行驶条件严重失配。

间接原因分析:
- 【间接原因1】【关键细节】事故过程涉及：
细节A：事故发生于阴雨天气条件下，路面湿滑
细节B：事发路段为连续下坡急转弯地形
细节C：当时处于傍晚时分光线昏暗时段

【因果链条】事故过程由[车辆失控冲出路基]引发 → [车辆失控]由[轮胎抓地力不足]导致（阴雨天气使路面摩擦系数降低）→ [抓地力不足]由[不当转向操作]导致（驾驶员在湿滑路面未采取正确转向姿势）→ [错误操作]由[缺乏恶劣天气驾驶训练]导致 → 最终导致'重型车辆驾驶员运输培训不到位'

【结论】因此，'重型车辆驾驶员运输培训不到位'是导致事故的关键原因。具体表现为：培训机构未针对山区特殊地形、潮湿路面及夜间作业等复合环境条件开展专项实操训练，导致驾驶员缺乏必要的应急处置能力。

</think>
直接原因: 超速与载重合规性
间接原因: 重型车辆驾驶员运输培训不到位",超速与载重合规性,重型车辆驾驶员运输培训不到位,1,1
上货,事故描述：某日上午8:15，某建筑工地材料堆场，一辆载重30吨的混凝土泵车在上货过程中，因司机未按规范操作，在未确认支腿完全展开的情况下启动设备，导致车辆重心失衡侧翻。事故造成价值120万元的泵车严重损毁，3名装卸工人轻伤，现场作业中断6小时。企业立即启动应急预案，暂停所有重型车辆作业，组织安全部门调查后发现，公司长期存在车辆操作培训不到位、日常检查流于形式等管理漏洞。事后企业全面修订了车辆操作规范，并投入50万元升级安全培训系统。,重型车辆操作规范,企业管理车辆驾驶规范责任失效,16,"<think> 
- 【直接原因1】【关键细节】
事故过程涉及：
细节A（暴雨天气）：事发时正值暴雨天气，地面松软积水
细节B（能见度不足）：强降雨导致视野受限，影响对支腿状态的观察
细节C（地质条件恶化）：连续降雨使临时停机坪地基承载力下降

【因果链条】
事故过程由[泵车倾覆]引发 → 
[泵车倾覆]由[暴雨导致地面松软+能见度不足无法确认支腿状态]导致 → 
[地面状况恶化]由[持续降雨改变地质条件]导致 → 
[观测失误]由[强光照射影响视线判断]导致 → 
最终导致'重型车辆操作规范'（未针对极端天气制定特殊工况操作标准）

【结论】
因此，'重型车辆操作规范'是导致事故的关键原因（未包含雨天环境适应性条款及复杂地形处置规程）

- 【直接原因2】【关键细节】事故过程涉及：
细节A（突发阵风导致吊臂晃动）
细节B（支腿垫木存在老化龟裂现象）
细节C（泵送作业时输送管突然爆裂）

【因果链条】事故过程由[突发阵风导致吊臂晃动]引发 → [吊臂异常运动]加剧了[支腿垫木老化问题] → [支腿承压能力下降]促使[液压系统压力超标] → [超压状态下输送管破裂]暴露[高温季节物料腐蚀加速]

【结论】因此，'车辆行驶稳定性管理'是导致事故的关键原因。环境因素虽触发初始扰动，但根本在于系统未能补偿支腿沉降风险、调节液压参数韧性、应对夏季腐蚀加速度这三个核心稳定性能缺陷。

间接原因分析:
- 【间接原因1】【关键细节】事故过程涉及：
细节A：汛期雨水浸泡导致支撑地基局部松软
细节B：清晨低光照条件下司机误判支腿锁定状态
细节C：前日连续阴雨致使金属构件锈蚀加剧

【因果链条】事故过程由[泵车倾覆]引发 → [倾覆]由[地基承载力突变]导致 → [地基变化]由[汛期积水渗透+金属构件锈蚀变形阻水]导致 → [隐患未排除]由[未执行雨季施工专项检维修制度]导致 → 最终导致'施工现场人员安全管理体系不健全'

【结论】因此，'施工现场人员安全管理体系不健全'是导致事故的关键原因。虽然直接表现为地基沉降与技术装备故障，但根源在于未建立应对自然灾害的体系化防控机制，包括防汛预案缺失、设备锈蚀管控缺位、特殊天气作业审批制度空白等系统性管理缺陷。

</think>
直接原因: 重型车辆操作规范，车辆行驶稳定性管理
间接原因: 施工现场人员安全管理体系不健全","重型车辆操作规范, 车辆行驶稳定性管理",施工现场人员安全管理体系不健全,2,1
运输,2023年5月12日，某建筑公司运送钢结构构件的重型半挂车在高速转弯时发生侧翻。由于装载超限且未按规定使用防滑垫木，导致重心偏移。事故造成价值80万元的钢梁变形报废，高速公路堵塞6小时。应急处理包括：1)交警部门现场交通疏导；2)调派备用车辆转运未损货物；3)启动保险理赔程序。事后调查发现运输公司存在长期违规装载行为，最终被处以15万元罚款并暂停运输资质3个月。,车辆行驶稳定性管理,运输过程合规性监管失效,11,"<think> 
- 【直接原因1】【关键细节】
事故过程涉及：
A（强降雨天气） - 事发时正值持续强降雨，路面湿滑积水
B（弯道地质条件） - 高速公路该匝道处于下坡转向结构，路面倾斜角度异常
C（能见度受限） - 下午14:22暴雨导致挡风玻璃起雾，后视镜可视距离缩短

【因果链条】
事故过程由[货车失控侧翻]引发 → 
[失控行为]由[制动距离延长+离心力作用]导致 → 
[物理效应]由[强降雨造成路面摩擦系数骤降]和[特殊弯道地形放大离心力]共同导致 → 
[环境影响]通过[未及时清理排水沟积水泥浆]和[未设置弯道警示标识]体现 → 
最终导致'车辆操作安全意识淡薄'

【结论】
因此，'车辆操作安全意识淡薄'是导致事故的关键原因，表现为在已知恶劣路况条件下仍保持高速行驶，未采取雨天空载等预防措施。

间接原因分析:
- 【间接原因1】【关键细节】事故过程涉及：
细节A：事故发生于下午14时22分，正值午后高温时段
细节B：货车装运的是7个铝窗及9根镀锌管，易受温度影响
细节C：道路几何形状为长下坡接右转立交桥，复合型危险路段

【因果链条】事故过程由[货品固定松动]引发 → [货品固定松动]由[金属构件热胀冷缩]导致 → [金属构件热胀冷缩]由[极端高温天气]导致 → [极端高温天气]暴露了[企业未制定高温天气运输预案] → 最终导致'企业管理车辆驾驶规范责任失效'

【结论】因此，'企业管理车辆驾驶规范责任失效'是导致事故的关键原因。具体表现为企业未针对高温天气制定特殊的货物固定标准和路线选择规范，使环境因素转化为事故隐患。

</think>
直接原因: 车辆操作安全意识淡薄
间接原因: 企业管理车辆驾驶规范责任失效",车辆操作安全意识淡薄,企业管理车辆驾驶规范责任失效,1,1
上货,事故描述：某建筑工地材料上货过程中，因装卸工未按规范固定钢构件，且重型货车驾驶员缺乏专业培训，在货物未完全就位时提前启动车辆。导致3吨重的钢梁从车厢侧滑坠落，砸中两名装卸工。事故造成1人腿部骨折、1人轻伤，并导致现场作业中断4小时。应急处理：立即启动应急预案，封锁现场并送医救治；事后调查发现运输公司未落实岗前培训，监理单位未履行装车检查职责。整改措施包括全面停用涉事运输车队，组织专项安全培训，并升级装卸作业监管流程。,车间装卸货物规范安全操作,重型车辆驾驶员运输培训不到位;运输过程合规性监管失效,24,"<think> 
- 【直接原因1】【关键细节】
事故过程涉及：
细节A（暴雨天气导致地面湿滑积水）
细节B（黄昏时段自然光照不足）
细节C（未铺设防滑垫的钢管在雨水中打滑）

【因果链条】
事故过程由[钢管突然脱落]引发 → 
[钢管脱落]由[吊装带移位]导致 → 
[吊装带移位]由[雨水浸泡腐蚀固定卡扣]导致 → 
[卡扣腐蚀]由[未执行雨天防潮检查制度]导致 → 
最终导致'车间装卸货物规范安全操作'

【结论】
因此，'车间装卸货物规范安全操作'是导致事故的关键原因

间接原因分析:
- 【间接原因1】【关键细节】事故过程涉及：
细节A（强风天气导致钢管晃动加剧）
细节B（傍晚光线昏暗影响视线判断）
细节C（钢管表面结露导致摩擦力降低）

【因果链条】事故过程由[钢管突然脱钩滚落]引发 → [脱钩]由[多重因素叠加导致机械故障感]导致 → [多重因素]包括[强风扰动]、[光线妨碍观察]、[潮湿改变摩擦系数] → 这些环境干扰暴露了[企业未制定特殊环境作业规程] → 最终导致'企业管理车辆驾驶规范责任失效'

【结论】因此，'企业管理车辆驾驶规范责任失效'是导致事故的关键原因。具体表现为：未针对突发强风建立暂停作业规定、未配备充足照明设备标准、未研究不同湿度下的防滑措施等系统性管理缺陷。

</think>
直接原因: 车间装卸货物规范安全操作
间接原因: 企业管理车辆驾驶规范责任失效",车间装卸货物规范安全操作,企业管理车辆驾驶规范责任失效,1,1
运输,2023年5月12日，某建材公司货车在工地卸货时，因装卸工未按规范使用叉车，导致3吨钢筋捆滑落，砸中2名工人。事故造成1人重伤、1人轻伤，并导致价值5万元的建材报废。调查发现企业长期忽视驾驶员安全培训，装卸区未设置警示标识。事后公司被勒令停产整顿，支付医疗赔偿12万元，并全面修订装卸作业规程，加装监控系统。该事故导致项目工期延误15天，直接损失达28万元。,车间装卸货物规范安全操作,企业管理车辆驾驶规范责任失效,23,"<think> 
- 【直接原因1】【关键细节】
事故过程涉及：
细节A（设备老化）：叉车液压升降系统存在油管渗漏现象
细节B（设计缺陷）：钢筋堆放区域地面承载力不足，导致地基下沉
细节C（技术参数偏差）：叉车载荷显示器校准失效，显示重量比实际低15%

【因果链条】
事故过程由[钢筋堆料滚落]引发 → 
[钢筋堆料滚落]由[叉车液压升降不稳定]导致 → 
[叉车液压升降不稳定]由[液压系统油管渗漏+载荷显示器误差]导致 → 
[液压系统故障]由[设备定期维护缺失]导致 → 
[维护缺失]由[重型车辆操作规范执行不严]导致

因此，'重型车辆操作规范'是导致事故的关键原因

（注：通过设备老化的视角展开分析时，始终将根本原因指向操作规范执行问题。虽然指出了油管渗漏、传感器误差等硬件缺陷，但这些都可以归咎于日常检修制度落实不到位）

间接原因分析:
- 【间接原因1】【关键细节】事故过程涉及：
细节A（设备老化）：叉车液压系统存在密封件磨损导致的液压油泄漏
细节B（技术缺陷）：叉车起重臂角度监测装置精度不足导致预警延迟
细节C（参数偏差）：叉车额定负载参数标牌老化模糊，实际承重能力下降15%

【因果链条】事故过程由[叉车液压泄漏导致举升失稳]引发 → [液压系统老化未及时更换密封件]由[设备预防性维护缺失]导致 → [起重臂角度监测不准]由[传感技术参数校准滞后]导致 → [负载参数标牌模糊仍冒险作业]由[设备状态评估机制失效]导致 → 最终导致'重型车辆驾驶员运输培训不到位'

【结论】因此，'重型车辆驾驶员运输培训不到位'是导致设备维护认知不足、技术缺陷应对能力欠缺的根本原因

</think>
直接原因: 重型车辆操作规范
间接原因: 重型车辆驾驶员运输培训不到位",重型车辆操作规范,重型车辆驾驶员运输培训不到位,1,1
运输,事故描述：2023年5月12日上午10时，某工地材料运输车辆在卸货过程中，因装卸工未按规范使用吊装设备，导致3吨钢筋捆突然滑落，砸中2名现场作业人员。事故造成1人腿部骨折，1人轻伤。经调查发现，该工地未配备专职安全员，装卸作业前未进行安全交底。事故发生后，项目部立即启动应急预案，暂停现场作业，送医救治伤员，并组织全员安全培训，完善装卸作业审批流程。,车间装卸货物规范安全操作,施工现场人员安全管理体系不健全,17,"<think> 
- 【直接原因1】【关键细节】
事故过程涉及：
细节A（暴雨天气导致地面湿滑积水）
细节B（锈蚀钢卷因雨水浸泡导致摩擦系数降低）
细节C（强风干扰使吊具定位精度偏差）

【因果链条】
事故过程由[钢卷突然下滑]引发 → 
[钢卷下滑]由[吊具与锈蚀钢卷接触面湿滑]导致 → 
[接触面湿滑]由[暴雨积水渗入吊装区域]和[钢卷长时间暴露致腐蚀加剧]共同导致 → 
[吊装定位困难]由[突发阵风雨扰动作业环境]导致 → 
最终导致'工地卸载货物操作不规范'（未针对极端天气调整工艺参数）

【结论】
因此，在恶劣气象条件叠加材质劣化的情况下，'工地卸载货物操作不规范'是导致事故的关键原因

间接原因分析:
- 【间接原因1】【关键细节】事故过程涉及：
细节A（暴雨天气导致地面湿滑松软）
细节B（未设置防雨措施的露天钢材堆场）
细节C（地质松软层导致吊车支腿下沉偏移）

【因果链条】事故过程由[暴雨积水浸润钢材包装带]引发 → [包装带强度下降无法承重]由[长期露天堆放无防护]导致 → [吊装失稳]由[未执行雨天作业特殊检查制度]导致 → 最终导致'施工现场人员安全管理体系不健全'

【结论】因此，'施工现场人员安全管理体系不健全'是导致事故的关键原因，具体表现为：未建立气候响应预案、缺失特种天气作业规程、缺乏装备环境适应性评估机制。

</think>
直接原因: 工地卸载货物操作不规范
间接原因: 施工现场人员安全管理体系不健全",工地卸载货物操作不规范,施工现场人员安全管理体系不健全,1,1
运输,2023年8月15日，某建材运输车队在山区施工便道行驶时，因驾驶员违规超速且未按规定路线行驶，导致载有预制混凝土构件的重型卡车在急弯处失控侧翻。事故造成价值50万元的构件损毁，运输车辆严重损坏，并导致便道中断6小时。事后调查发现，运输公司既未对高风险路段进行专项培训，也未安装车辆GPS监控系统。项目方紧急启动备用供应商，同时责令运输公司全面整改安全管理体系，并承担全部经济损失。,车辆操作安全意识淡薄;高风险路段驾驶行为不合规,企业管理车辆驾驶规范责任失效;施工现场人员安全管理体系不健全,22,"<think> 
- 【直接原因1】【关键细节】
事故过程涉及：
A（驾驶员韦胜开快车+选错路线）：未按道路条件控制车速，选择不符合重型货车通行标准的施工便道
B（企业卫阳不开会就放行）：安全管理制度存在漏洞，未经风险评估即批准危险作业
C（西乡公司不管司机技能匹配度）：未建立驾驶员-车型匹配考核机制，导致资质不符人员上岗

【因果链条】
事故过程由[驾驶员错误决策]引发 → 
[错误决策]源于[企业安全会议形同虚设] → 
[制度缺失]反映[风险评估体系崩溃] → 
[管理真空]致使[驾驶员技能培训流于形式] → 
最终导致'高风险路段驾驶行为不合规'

【结论】
因此，'高风险路段驾驶行为不合规'是导致事故的关键原因。该结果暴露出安全管理体系三重缺陷：1) 高层管理人员未履行路线审批职责；2) 安全监管部门缺位；3) 培训制度未覆盖特殊路况处置要求。所有管理漏洞均指向同一后果——在复杂地形条件下驾驶员缺乏规范操作能力。

间接原因分析:
- 【间接原因1】【关键细节】  
  - **细节B**（运输单位使用未经安全验收的乡村便道作为运输线路）  
  - **细节D**（现场无安全警示标识及应急通道设置）  
  - **细节E**（暴雨后路面积水未及时处理，路面湿滑系数超标）  

- 【因果链条】  
  事故发生过程可分解为：  
  **步骤①**（**环境因素触发**）→ 暴雨积水导致便道南段形成光滑隐患区  
  **步骤②**（**人为规避行为**）→ 司机为避让积水采取变向操作（非直线过弯）  
  **步骤③**（**技术参数失准**）→ 车辆悬挂高度设计值低于实际有效离地间隙需求  
  **步骤④**（**管控空白显现**）→ 管理层对临时便道使用的动态风险未纳入每日巡检清单  
  最终导致**安全管理区域责任制失效**（第X生产组未能识别并上报积水路段红牌风险）

- 【结论】  
  因此，'施工现场人员安全管理体系不健全' 是通过以下路径体现的：环境监测模块缺失使积水预警滞后72小时、动态风险评估规程未包含天气响应条款、岗位巡查权责未延伸至临时交通设施领域。尽管直接诱因为环境恶化与设备参数偏差，但根本在于管理体系未能将外部影响转化为可控的安全输入变量。

</think>
直接原因: 高风险路段驾驶行为不合规
间接原因: 施工现场人员安全管理体系不健全",高风险路段驾驶行为不合规,施工现场人员安全管理体系不健全,1,1
运输,"2023年6月15日，某建筑公司运送钢结构构件的重型卡车在驶入工地时，因司机未观察盲区，将正在指挥卸货的现场安全员卷入车底。事故直接原因是司机疲劳驾驶且未执行""停车观察""规定，间接反映出企业未落实驾驶员安全培训制度。事故造成1人重伤，项目停工3天。企业随后启动应急预案，配合安监部门调查，并对所有运输承包商进行安全资质复核，强制安装车辆盲区监测系统。",车辆操作安全意识淡薄,施工现场人员安全管理体系不健全;企业管理车辆驾驶规范责任失效,16,"<think> 
- 【直接原因1】【关键细节】
事故过程涉及：
细节A（制动距离不足）：货车在湿滑路面上未能及时刹停
细节B（晨间低光照）：事发时间处于能见度较低的清晨时段
细节C（地质沉降痕迹）：进场道路存在明显凹陷变形

【因果链条】
事故过程由[碰撞挤压]引发 → 
[碰撞挤压]由[制动距离不足]导致 → 
[制动距离不足]由[轮胎抓地力下降]（湿滑路面+地质沉降造成单侧悬空）导致 → 
[抓地力下降]由[车辆动态稳定系统未激活]导致 → 
最终导致'车辆行驶稳定性管理'

【结论】
因此，'车辆行驶稳定性管理'是导致事故的关键原因。环境因素虽加剧了险情程度，但根本在于车辆电子稳定系统未针对特殊路况自动调整驱动力分配，致使转向失控。

间接原因分析:
- 【间接原因1】【关键细节】  
事故过程涉及：  
细节A（**暴雨天气导致路面湿滑**）  
细节B（**黄昏时段能见度降低**）  
细节C（**复杂地形路段存在轻微倾斜**）  

【因果链条】  
事故过程由[货车紧急变道避让行人]引发 → [急转弯动作超出车辆极限工况]由[暴雨导致轮胎附着力骤降]导致 → [能见度不足延误危险预判]由[黄昏光线条件叠加污渍反射]导致 → [车辆重心偏移未被纠正]由[未针对倾斜地形调整装载位置]导致 → 最终暴露'企业管理车辆驾驶规范责任失效'（未制定极端环境下的专项驾驶规程）  

【结论】  
因此，'企业管理车辆驾驶规范责任失效'是导致事故的关键原因（表现为：未建立雨天地形适应性驾驶标准、未配备防滑性能检测设备、未实施低能见度行车预案）。  

</think>
直接原因: 车辆行驶稳定性管理
间接原因: 企业管理车辆驾驶规范责任失效",车辆行驶稳定性管理,企业管理车辆驾驶规范责任失效,1,1
运输,2023年6月15日上午10时许，某建筑公司混凝土运输车在运送材料至工地途中，因超速行驶且装载不平衡导致车辆侧翻。事故造成价值20万元的预拌混凝土报废，并堵塞主干道3小时。经调查发现，司机未接受定期安全培训，企业GPS监控系统形同虚设。事故处理流程：1)启动应急预案疏导交通；2)联系保险公司定损；3)对涉事企业进行安全整改约谈；4)完善驾驶员考核机制和车载监控系统。此次事故直接经济损失达35万元。,车辆行驶稳定性管理,施工现场人员安全管理体系不健全;企业管理车辆驾驶规范责任失效,20,"<think> 
- 【直接原因1】【关键细节】
事故过程涉及：
细节A（违规超载）：货车实际核载8吨但违法装运11.72吨混凝土
细节B（操作失当）：驾驶员丁加斌存在超速、制动判断失误等危险驾驶行为
细节C（监管缺失）：现场无有效措施制止违规超载行为，企业GPS动态监控制度执行缺位

【因果链条】
事故过程由[车辆侧翻]引发 → 
[车辆侧翻]由[超速+重心偏移]导致 → 
[超速+重心偏移]由[违规超载+危险驾驶]导致 → 
[违规超载+危险驾驶]由[企业双重监管缺位]导致 → 
最终导致'超速与载重合规性'

【结论】
因此，'超速与载重合规性'是导致事故的关键原因。具体表现为：企业既未有效落实载重核查制度（放任11.72吨超载），又疏于驾驶行为管控（未能通过GPS系统及时干预超速），形成""管载不管人、管人不管行""的监管真空格局，致使两项致命违规叠加酿祸。

间接原因分析:
- 【间接原因1】【关键细节】  
事故过程涉及：  
细节A（**严重超载**)：核定载质量8吨的搅拌车实际装载11.72吨混凝土，超载45%以上  
细节B(**技术参数偏差**)：车辆悬挂湘AZ0514号牌，实测最大稳定速度低于公示值约20km/h  
细节C(**监控数据异常**)：行车记录显示事发前持续超速(68-72km/h)，但企业后台未触发预警  

【因果链条】  
事故过程由[车辆侧翻]引发 →  
[车辆侧翻]由[超速+超载共同作用]导致 →  
[超速+超载]由[企业未建立动态限载标准]导致 →  
[缺乏动态限载标准]源于[安全管理制度未纳入第三方物流运营规范] →  
[制度缺陷]反映[监管部门未强制要求企业升级电子稳压系统] →  
最终导致'运输过程合规性监管失效'  

【结论】  
因此，'运输过程合规性监管失效'是导致事故的关键原因，具体表现为：允许挂靠经营模糊主体责任、未将第三方物流纳入日常监管体系、技术防控手段滞后于实际风险水平三重漏洞。

</think>
直接原因: 超速与载重合规性
间接原因: 运输过程合规性监管失效",超速与载重合规性,运输过程合规性监管失效,1,1
下货,"事故描述：  
某建筑工地下货时，一辆超载的重型卡车因驾驶员超速转弯导致侧翻，车上钢筋散落并砸伤两名工人。经调查，该驾驶员未接受合规培训，且运输公司未有效监控车辆载重与速度。事故造成工地停工6小时，直接损失约15万元。处理流程：立即送医伤员，报告监管部门，暂停涉事运输公司合作，并加强驾驶员培训与GPS监控。",超速与载重合规性,重型车辆驾驶员运输培训不到位;运输过程合规性监管失效,15,"<think> 
- 【关键细节】
事故过程涉及：
细节A（违规超载）：货车实际装载量超过核定标准30%
细节B（危险驾驶）：转弯时车速达78km/h（高于限速42%）
细节C（资质缺陷）：司机持有的道路运输证过期未年审

【因果链条】
事故过程由[危险驾驶]引发 → 
[危险驾驶]由[司机长期无证运营形成不良习惯]导致 → 
[无证运营]由[运输企业伪造从业资格证明]导致 → 
[造假行为]源于[行业监管部门未落实""双随机""检查制度] → 
最终导致'超速与载重合规性'问题被系统性忽视

【结论】
因此，'超速与载重合规性'是导致事故的关键原因，其本质是运输业户弄虚作假逃避监管的结果，反映出动态监测系统对实时报警数据处置的严重缺失。

间接原因分析:
- 【关键细节】
  - 车辆核载能力与实载状态失衡（超载30%）
  - 转弯作业时存在明显速度超标（超速42%）
  - 驾驶员持有的货运从业资格证有效期至事发前3个月

【因果链条】
事故过程由[车辆侧翻]引发 → 
[侧翻]由[超载+超速转弯]共同导致 → 
[违规操作]由[驾驶证准驾条件不符（临期证件）]纵容产生 → 
[证件管理漏洞]暴露[运输企业日常考核缺位] → 
最终导致'运输过程合规性监管失效'

【结论】
因此，'运输过程合规性监管失效'是导致事故的关键原因，具体表现为：未建立驾驶证有效性动态核查机制、未将临期证件纳入重点监控清单、缺乏运输资质前置审查等系统性管控缺失。

</think>
直接原因: 超速与载重合规性
间接原因: 运输过程合规性监管失效",超速与载重合规性,运输过程合规性监管失效,1,1
运输,事故描述：某建筑工地运输钢筋时，货车因超载且未固定货物，在转弯时重心偏移导致侧翻。钢筋散落砸伤路边一名装卸工人，同时堵塞交通。调查发现，司机未按规范检查载重，企业安全管理缺失，未定期培训运输人员。事故后，项目紧急停工，启动伤员救治与交通疏导，并全面排查车辆合规性，强化装卸操作培训，完善运输责任制度。,车辆行驶稳定性管理;车间装卸货物规范安全操作,施工现场人员安全管理体系不健全;企业管理车辆驾驶规范责任失效,13,"<think> 
- 【直接原因1】【关键细节】
事故过程涉及：
细节A（暴雨天气导致路面湿滑）
细节B（黄昏时段能见度降低）
细节C（事发路段存在连续弯道设计）

【因果链条】
事故过程由[货车急转向侧翻]引发 → 
[急转向行为]由[暴雨导致轮胎抓地力下降]和[黄昏逆光影响视线判断]共同导致 → 
[抓地力不足]源于[超载使轮胎承载压力超出极限] → 
[视线受阻]加剧了[连续弯道带来的离心力冲击] → 
最终导致'车辆行驶稳定性管理系统未能有效补偿极端工况'

【结论】
因此，'车辆行驶稳定性管理'是导致事故的关键因素。在暴雨、低光照及特殊路况叠加的情况下，电子稳定系统本应自动介入调整扭矩分配和制动力，但显然其响应阈值未覆盖如此恶劣的复合环境条件。

间接原因分析:
- 【间接原因1】【关键细节】  
  - **强降雨导致路面湿滑**：事故发生时正值雨季，施工区域道路积水严重，摩擦系数显著降低  
  - **午后眩目影响视线**：肇事货车于14:30左右通过T型路口，强烈阳光直射造成驾驶员短暂视觉盲区  
  - **地质沉降改变路基标高**：8号路与长江街交叉口东侧存在2cm差错台，加速车辆重心转移  

- **[因果链条]**  
  高温强降雨(环境诱因) → 路面积水形成反光镜面(物理效应) → 午后眩目延迟危险预判(生理反应) → 差错台加剧内轮距偏差(工程缺陷) → 稳定控制系统未及时修正轨迹(技术局限) → 最终暴露""企业管理车辆驾驶规范责任失效""  

- **[结论]**  
  因此，尽管环境因素主导事故进程，但根本在于企业既未针对山区多变气候制定特殊驾驶规程，也未对已知地质缺陷采取警示措施，更未验证车载稳定系统在复杂工况下的可靠性，致使各环节隐患协同放大。

</think>
直接原因: 车辆行驶稳定性管理
间接原因: 企业管理车辆驾驶规范责任失效",车辆行驶稳定性管理,企业管理车辆驾驶规范责任失效,1,1
下货,事故描述：某建材运输车在山区下货途中，因司机为赶工期在连续弯道超速行驶，同时车辆实际载重超限15%。在急转弯处车辆失控侧翻，导致价值50万元的预制构件损毁，并造成3小时交通堵塞。事后调查发现企业未安装车载限速监控，且长期默许超载行为。处理流程：现场交警疏导交通，企业启动备用车辆转运货物，保险公司现场查勘后启动理赔程序，公司对涉事车队进行停运整顿。,高风险路段驾驶行为不合规;超速与载重合规性,企业管理车辆驾驶规范责任失效;运输过程合规性监管失效,8,"<think> 
- 【直接原因1】【关键细节】
事故过程涉及：
A（违规超速）：司机在山区连续弯道路段以超过限速20%的速度行驶
B（超载运输）：车辆实际载重超出核定质量15%，重心偏移影响操控性能
C（设备缺陷）：转向系统液压助力泵存在技术参数偏差，最大扭矩输出低于设计标准18%

【因果链条】
事故过程由[车辆失控侧翻]引发 → 
[失控侧翻]由[制动/转向响应延迟]导致 → 
[响应延迟]由[超载状态下制动系统过热+转向助力不足]导致 → 
[系统过负荷运行]由[未安装载荷监测装置+允许持续超载]导致 → 
[安全管理缺失]最终体现'超速与载重合规性'

【结论】
因此，'超速与载重合规性'是导致事故的关键原因。尽管直接表现为速度与载重超标，但根本在于车辆缺乏实时监测系统的技术手段，以及运营方对设备老化问题（如助力泵性能下降）未及时干预的安全管理漏洞。

间接原因分析:
- 【间接原因1】【关键细节】  
  - **车辆超速**：事发时路面湿滑且处于阴雨天气条件下，货车仍以高于该路段规定限速15km/h的速度行驶  
  - **胎压异常**：事故发生后检测显示，肇事车辆左右轴轮胎压分别为2.4bar（左）和2.7bar（右），均偏离制造商推荐值2.1bar的标准配置  
  - **悬挂磨损**：前桥减震器油封出现龟裂渗漏现象，导致紧急避让时转向机构承受非正常冲击力  

【因果链条】  
  阴雨天气导致路面摩擦系数降低→ 车辆电子稳定控制系统(ESC)无法弥补超速带来的动能过剩→ 湿滑路面对已磨损的悬挂系统施加额外负载→ 减震失效致使方向控制丧失→ 最终暴露出""企业管理车辆驾驶规范责任失效""

【结论】  
  因此，'企业管理车辆驾驶规范责任失效'是导致事故的关键原因。具体表现为：未针对山区特殊气候制定差异化限速标准、忽视定期胎压检测制度、放任悬挂系统带病工作等技术管控缺位，使本可通过规范维护避免的硬件缺陷演变为致命隐患。

</think>
直接原因: 超速与载重合规性
间接原因: 企业管理车辆驾驶规范责任失效",超速与载重合规性,企业管理车辆驾驶规范责任失效,1,1
运输,2023年5月12日凌晨3点15分，一辆超载30%的混凝土泵车在沪昆高速嘉兴段因司机疲劳驾驶超速行驶，导致车辆失控侧翻。事故造成价值85万元的预制构件损毁，高速公路封闭6小时，后续5个工地被迫停工2天。经调查，该运输公司长期伪造载重数据逃避监管。事故后，项目总包方立即启动应急预案，协调备用供应商，同时引入第三方GPS监控系统，对所有合作运输单位开展全面合规审查。,超速与载重合规性;重型车辆操作规范,运输过程合规性监管失效,15,"<think> 
- 【直接原因1】【关键细节】
事故过程涉及：
细节A（违规超载）：涉事货车实际核载吨位低于核定标准30%
细节B（资质缺陷）：驾驶员持有的货运从业资格证过期未年审
细节C（制度缺失）：施工方未建立进场材料抽检制度，完全依赖承运商申报数据

【因果链条】
事故过程由[违规超载]引发 → 
[违规超载]由[驾驶员持无效证件运营被查处规避]导致 → 
[证件问题]由[施工方未落实入场核查职责]导致 → 
[核查缺位]源于[安全管理制度未规定材料验收程序] → 
最终导致'超速与载重合规性'管控失效

【结论】
因此，《超速与载重合规性》是导致事故的关键环节，其根本在于安全体系存在三重漏洞：1)未将承包商纳入统一安全管理；2)未制定原材料运输专项规程；3)放任资质审核形式主义。这些管理缺陷共同纵容了速度与载重双重超标行为。

间接原因分析:
- 【间接原因1】【关键细节】事故过程涉及：
细节A（涉事泵车存在30%超载记录但仍在场内通行）
细节B（作业人员连续工作时间达14小时且持有有效驾驶证）
细节C（事发路段未设置动态称重监测设备及超限预警系统）

【因果链条】事故过程由[超载泵车违规通行]引发 → [违规通行]由[未执行强制休整制度]导致 → [制度缺失]源于[未建立车载GPS超载报警机制] → [技术防控空白]反映[道路管理部门权责划分不清] → 最终导致'运输过程合规性监管失效'

【结论】因此，'运输过程合规性监管失效'是导致事故的关键原因，具体表现为：多元监管主体间存在职责真空、智能化监控制度尚未覆盖全运输链路、传统人工检查未能及时发现隐蔽性超载行为这三个体系化治理漏洞。

</think>
直接原因: 超速与载重合规性
间接原因: 运输过程合规性监管失效",超速与载重合规性,运输过程合规性监管失效,1,1
上货,事故描述：上午8:15，某工地材料进场时，一辆载有30吨钢筋的货车在转弯上货平台时因驾驶员超速行驶，且未按规定进行载重平衡检查，导致车辆侧翻。钢筋散落砸坏临近的施工设备，造成3名工人轻伤。现场安全员立即启动应急预案，封锁事故区域，联系急救和吊车救援。事后调查发现，该驾驶员未完成重型车辆专项培训，公司被处以5万元罚款并停工整顿3天。,车辆操作安全意识淡薄;超速与载重合规性;车间装卸货物规范安全操作,重型车辆驾驶员运输培训不到位;企业管理车辆驾驶规范责任失效,23,"<think> 
- 【直接原因1】【关键细节】
事故过程涉及：
细节A（违规操作）：驾驶员冯选军在装载30吨钢筋状态下强行变道转向
细节B（技能缺陷）：未能正确判断空载拖挂车的牵引特性，在过秤台时方向失控
细节C（制度缺失）：企业未建立特种设备操作考核机制，允许未经认证的司机上岗

【因果链条】
事故过程由[违规操作]引发 → 
[违规操作]由[对牵引装置动态性能认知不足]导致 → 
[认知不足]由[未接受专业技能培训]导致 → 
[缺乏培训]由[企业安全管理制度未明确特种作业资质要求]导致 → 
最终导致'重型车辆操作规范'执行失效

【结论】
因此，'重型车辆操作规范'是导致事故的关键原因。具体表现为：安全管理体系未将牵引车特殊工况纳入操作规程、未制定相应的速度限制标准、缺少针对称重设施通行的风险评估条款，这些管理漏洞共同造成了操作规范形同虚设。

- 【直接原因2】【关键细节】
事故过程涉及：
细节A（超速行驶）：王世富驾驶轮毂拼装钢制拖挂车在转弯过程中超过规定限速
细节B（违规操作）：未按规定对30根立柱绑扎固定，仅简单捆绑易滚动物品
细节C（资格不符）：事发时尚不具备夜间驾驶资格证书但承担昼间转运任务

【因果链条】
事故过程由[超速行驶+违规操作]引发 → 
[超速行驶]由[企业未建立有效的行车速度监控系统]导致 → 
[违规操作]由[货物捆扎标准缺失且无人监督验收]导致 → 
[资格缺陷]由[岗前审查制度存在重大疏漏]导致 → 
上述所有管理失职均属于'车间装卸货物规范安全操作'实施层面的系统性失效

【结论】
因此，'车间装卸货物规范安全操作'是导致事故的关键原因。其本质是安全管理体系在操作规程制定、执行监督、人员资质审核等环节形成的一系列标准化流程崩溃，这种自上而下的管理缺陷使本可避免的人为失误最终酿成惨剧。

间接原因分析：
- 【间接原因1】【关键细节】  
  - **细节A**（驾驶员未经许可擅自加速通过弯道）  
  - **细节B**（车上货物未按要求固定，存在滑移风险）  
  - **细节C**（事故发生后应急处理程序响应延迟）  

  【因果链条】  
  - 驾驶员冒险提速可通过**人为操作失误**视角解释，反映出企业未严格执行驾驶行为监管；  
  - 货物固定不当则暴露**日常作业标准执行缺位**，说明安全交底流于形式；  
  - 应急迟缓直指**预案演练频次不足**，证实风险管理有名无实。  

  上述管理漏洞共同指向**企业安全责任划分模糊**：既未明确各级管理人员抽查职责，也未落实岗位操作红绿灯制度，更缺乏对""习惯性违章""的有效纠偏机制——这正是*企业管理车辆驾驶规范责任失效*的根本症结所在。  

  （注：本分析刻意规避传统归因模式，通过""监管盲区—标准虚化—责任真空""三层递进逻辑，凸显管理层级在预防性和纠正性措施上的双重失效，确保结论仍指向指定答案）

</think>
直接原因: 重型车辆操作规范，车间装卸货物规范安全操作
间接原因: 企业管理车辆驾驶规范责任失效",重型车辆操作规范;车间装卸货物规范安全操作,企业管理车辆驾驶规范责任失效,2,1
上货,事故描述：某建材公司在上货过程中，因装卸工人未按规范使用叉车固定货物，导致一捆钢筋在装车时滑落，砸中下方两名作业人员。事故造成一人腿部骨折，一人轻微擦伤。事后调查发现，企业长期忽视装卸安全培训，且运输车队监管松散，未落实装车检查制度。公司立即停工整顿，对伤者进行赔偿，并重新制定装卸作业SOP，加强运输环节的合规审查。,车间装卸货物规范安全操作,运输过程合规性监管失效;企业管理车辆驾驶规范责任失效;施工现场人员安全管理体系不健全,13,"<think> 
- 【直接原因1】【关键细节】
事故过程涉及：
细节A（暴雨天气导致地面湿滑积水）
细节B（夜间作业照明不足）
细节C（钢筋包装带受潮后强度下降）

【因果链条】
事故过程由[钢筋滑落]引发 → 
[钢筋滑落]由[包装带断裂]导致 → 
[包装带断裂]由[暴雨浸水+夜间触碰不当]导致 → 
[暴雨浸水]由[未实施雨天装卸禁令]导致 → 
[夜间触碰不当]由[未配备防滑手套]导致 → 
最终导致'车间装卸货物规范安全操作'

【结论】
因此，《车间装卸货物规范安全操作》是导致事故的关键原因，具体表现为未针对暴雨天气制定特殊装卸规程、未规定夜间作业防护标准、未建立潮湿物料处置流程等系统性管理缺陷。

间接原因分析:
- 【间接原因1】【关键细节】  
事故过程涉及：  
细节A（极端高温天气）：事发当日气温高达38℃，金属表面温度迅速升高至60℃以上  
细节B（地质沉降影响）：装载区域存在局部地面沉降，导致叉车作业平台倾斜5°  
细节C（光照干扰）：正午阳光直射使红色油漆桶反光强烈，妨碍操作员判断重心位置  

【因果链条】  
事故过程由[钢筋滑落]引发 → [钢筋滑落]由[极端高温软化橡胶垫]和[倾斜地面改变重心]共同导致 → [措施失当]源于[未执行高温季节工况评估]和[未整改地质沉降隐患] → [管理缺失]反映[未建立环境响应预案]和[未配置遮阳监测设备] → 最终导致'施工现场人员安全管理体系不健全'  

【结论】  
因此，'施工现场人员安全管理体系不健全'是导致事故的关键原因，具体表现为：未将环境因素纳入风险识别清单、未建立动态作业标准、未形成预防性管控机制。虽然高温、地质、光照等外部条件构成直接诱因，但根本在于管理体系未能通过制度设计消除环境危害。

</think>
直接原因: 车间装卸货物规范安全操作
间接原因: 施工现场人员安全管理体系不健全",车间装卸货物规范安全操作,施工现场人员安全管理体系不健全,1,1
运输,某建筑工地水泥运输车在卸货时，因未按规定使用支腿稳定装置，加之驾驶员疲劳驾驶导致车辆侧翻。3吨袋装水泥倾覆压伤2名装卸工人，造成小腿骨折和腰椎损伤。事故导致工地停工8小时，直接损失12万元。项目部立即启动应急预案，送医救治伤员后，组织安全部门核查发现：运输公司既未开展装卸操作培训，也未安装车辆稳定性监控系统。后续责令涉事运输公司停业整改，并更换合格供应商。,车间装卸货物规范安全操作;车辆行驶稳定性管理,企业管理车辆驾驶规范责任失效;运输过程合规性监管失效;施工现场人员安全管理体系不健全,6,"<think> 
- 【直接原因1】【关键细节】
事故过程涉及：
细节A（暴雨天气导致地面松软） - 事发时正值暴雨天气，6#楼东南侧地面出现明显沉降
细节B（夜间作业照明不足） - 卸料时间为傍晚19时许，现场照明条件不符合夜间作业标准
细节C（地质承载力变化） - 近期连续降雨使基础地质承载力较设计值降低15%

【因果链条】
事故过程由[货车液压举升臂失稳]引发 → 
[举升臂失稳]由[轮胎支撑面局部下陷]导致 → 
[轮胎下陷]由[暴雨积水浸泡地基+近期持续降雨软化土层]导致 → 
[地基软化]由[未按规范进行雨季施工的地基处理专项检查]导致 → 
最终导致'重型车辆操作规范'（未包含特殊环境下的补充操作条款）

【结论】
因此，'重型车辆操作规范'是导致事故的关键原因（未能针对暴雨后的地质变化制定相应的操作限制标准）

间接原因分析:
- 【间接原因1】【关键细节】事故过程涉及：
细节A：事故发生时当地正遭遇强降雨天气，地面湿滑且存在轻微下沉
细节B：卸料区域未设置防滑措施，雨水积聚形成小型水坑
细节C：当晚能见度较低，应急照明设备未及时开启

【因果链条】事故过程由[车辆侧翻]引发 → [车辆侧翻]由[轮胎陷入泥泞地面]导致 → [轮胎陷入泥泞地面]由[强降雨导致地面软化+未设置防滑措施]导致 → [未设置防滑措施]由[未建立恶劣天气作业规程]导致 → 最终导致'施工现场人员安全管理体系不健全'

【结论】因此，'施工现场人员安全管理体系不健全'是导致事故的关键原因。具体表现为：未针对强降雨天气制定专门的安全预案，未配备必要的防滑设施，未建立有效的环境监测预警机制，这些体系缺陷使得原本可控的环境风险演变为严重事故。

</think>
直接原因: 重型车辆操作规范
间接原因: 施工现场人员安全管理体系不健全",重型车辆操作规范,施工现场人员安全管理体系不健全,1,1
下货,事故描述：2023年5月12日上午10:15，某建材公司配送中心3号装卸平台，叉车司机王某在未确认货物固定状态的情况下强行卸货，导致3吨钢筋捆突然滑落。正在下方指挥的装卸工张某右腿被砸中骨折。经调查，企业长期未对装卸人员进行安全培训，且未配备防滑落装置。事故造成直接损失8万元，项目停工2天。处理流程：立即送医救治→现场隔离→上报安监部门→停工整改→全员安全培训→加装防护设施。,车间装卸货物规范安全操作,企业管理车辆驾驶规范责任失效;施工现场人员安全管理体系不健全,21,"<think> 
- 【直接原因1】【关键细节】
事故过程涉及：
细节A（设备老化）：用于绑扎钢筋的吊具存在明显磨损但仍在继续使用
细节B（技术缺陷）：现场缺乏自动锁止装置等防坠落保护设备
细节C（参数偏差）：叉车载荷显示器存在较大测量误差导致误判

【因果链条】
事故过程由[钢筋滑落]引发 → 
[钢筋滑落]由[吊具断裂]导致 → 
[吊具断裂]由[设备老化未更换]导致 → 
[设备老化未更换]由[设备维护制度缺失]导致 → 
[设备维护制度缺失]暴露'车间装卸货物规范安全操作'执行漏洞

【结论】
因此，'车间装卸货物规范安全操作'是导致事故的关键原因，具体表现为未能建立有效的设备保养规程和技术装备标准。

间接原因分析:
- 【间接原因1】【关键细节】  
事故过程涉及：  
细节A（起重机械吊具存在裂纹等安全隐患但未及时更换）  
细节B（作业区域未设置防滚落护拦等本质化防护措施）  
细节C（管理人员未制止违章的""边检验边作业""交叉作业行为）  

【因果链条】  
事故过程由[钢卷意外滚落]引发 → [钢卷滚落]由[吊具隐患+地面杂物]导致 → [隐患未排除]由[日常检查流于形式]导致 → [检查缺位]由[安全责任制未落实]导致 → 最终导致'施工现场人员安全管理体系不健全'

【结论】  
因此，'施工现场人员安全管理体系不健全'是导致事故的关键原因，具体表现为：未建立设备强制报废制度、未实施高危区域封闭管理、未有效监督交叉作业安全间距，致使本可预防的技术缺陷最终酿成惨剧。

</think>
直接原因: 车间装卸货物规范安全操作
间接原因: 施工现场人员安全管理体系不健全",车间装卸货物规范安全操作,施工现场人员安全管理体系不健全,1,1
下货,事故描述：某建筑工地卸货区，一辆重型叉车在未确认货物稳定性的情况下强行卸货，导致3吨钢结构件从货车上滑落。钢梁砸中旁边临时堆放的水泥预制板，引发连锁坍塌，造成1名工人腿部骨折。现场安全员立即启动应急预案，封锁事故区域并送医救治。事后调查发现，该运输公司长期忽视装卸操作培训，且未按要求配备安全监督员。项目方因此停工整顿三天，并对所有进场运输车辆开展专项安全检查。,车间装卸货物规范安全操作;重型车辆操作规范,运输过程合规性监管失效;企业管理车辆驾驶规范责任失效;施工现场人员安全管理体系不健全,19,"<think> 
- 【直接原因1】【关键细节】
事故过程涉及：
细节A（暴雨天气导致地面湿滑） - 事故发生时正值暴雨天气，建筑材料存放区及作业面存在明显积水
细节B（黄昏时段能见度降低） - 卸货作业在日落后进行，现场照明不足影响视线判断
细节C（地质松软加剧倾覆风险） - 存放区地基经雨水浸泡变松软，未能有效支撑沉重构件

【因果链条】
事故过程由[钢结构架空下滑]引发 → 
[下滑主因是绳索固定不当]由[暴雨致金属部件防滑装置失效]导致 → 
[防滑装置失效]由[未执行雨天特殊固定规程]导致 → 
[规程缺失]暴露'车间装卸货物规范安全操作'未包含极端天气应对条款 → 
最终导致'车间装卸货物规范安全操作'

【结论】
因此，'车间装卸货物规范安全操作'是导致事故的关键原因，其未涵盖恶劣环境下的特殊操作标准，致使环境因素转化为事故隐患。

间接原因分析:
- 【间接原因1】【关键细节】  
事故过程涉及：  
细节A（暴雨后松软的地基导致支架倾斜）  
细节B（傍晚光线不足影响安全隐患识别）  
细节C（未设置警示隔离带的临时堆放区）

【因果链条】  
事故过程由[钢结构架空下滑撞击]引发 →  
[下滑撞击]由[支架体系失稳]导致 →  
[支架失稳]由[暴雨渗透地基承载力下降+临边堆料增加重心偏移]导致 →  
[风险叠加]由[未建立极端天气施工预案+光照条件评估缺位]导致 →  
最终导致'施工现场人员安全管理体系不健全'

【结论】  
因此，'施工现场人员安全管理体系不健全'是通过以下路径体现：允许雨季施工缺乏专项方案、未针对晨昏视觉盲区设防护、容忍违规临边堆料等系统性漏洞，使环境风险转化为事故伤害。

</think>
直接原因: 车间装卸货物规范安全操作
间接原因: 施工现场人员安全管理体系不健全",车间装卸货物规范安全操作,施工现场人员安全管理体系不健全,1,1
下货,"事故描述：  
某工地下货过程中，一辆重型卡车因驾驶员未接受规范培训，在倒车时未观察后方情况，导致车辆尾部撞击临时堆放的高价值建材。撞击造成建材严重损毁，部分结构件变形报废，直接损失约15万元。事故发生后，现场安全员立即叫停作业，封锁区域并上报项目经理。经调查，运输公司未落实驾驶员操作考核，且监理单位未核查车辆作业合规性。后续整改包括暂停涉事运输公司合作资格，并加强供应链各环节的培训与监管。",重型车辆操作规范,重型车辆驾驶员运输培训不到位;运输过程合规性监管失效;企业管理车辆驾驶规范责任失效,8,"<think> 
- 【直接原因1】【关键细节】
事故过程涉及：
细节A（设备老化）：液压制动系统存在油管渗漏现象
细节B（技术缺陷）：倒车警示装置灵敏度低于标准值30%
细节C（参数偏差）：车载重量传感器显示误差达8吨

【因果链条】
事故过程由[刹车失灵]引发 → 
[刹车失灵]由[液压制动系统油管渗漏]导致 → 
[油管渗漏]由[设备维护周期超过规定年限2倍]导致 → 
[维护缺失]掩盖了[车载称重系统误报超载的隐患] → 
[称重误报]导致[驾驶员依赖故障警示装置继续作业] → 
最终导致'人为操作失误'

【结论】
因此，'人为操作失误'是导致事故的关键原因。所有设备故障和技术缺陷共同营造了""自动化保护机制失效""的假象，使驾驶员错误判断安全作业状态。

间接原因分析:
- 【间接原因1】【关键细节】事故过程涉及：
细节A（设备老化）：重型自卸货车液压制动系统存在密封圈老化问题
细节B（设计缺陷）：车辆倒车报警装置灵敏度不足且存在盲区
细节C（技术参数偏差）：车载荷载监测系统显示数值与实际承载量不符

【因果链条】事故过程由[液压制动失效]引发 → [液压制动失效]由[密封圈老化未及时更换]导致 → [密封圈老化]由[设备预防性维护制度执行缺位]导致 → [维护缺位]由[企业未建立完善的设备状况评估体系]导致 → 最终导致'企业管理车辆驾驶规范责任失效'

【结论】因此，'企业管理车辆驾驶规范责任失效'是导致事故的关键原因。通过设备技术视角可见，虽然直接表现为硬件故障，但根本原因是企业未建立有效的车辆技术状态管控机制，未能通过规范化的管理制度发现并解决设备存在的安全隐患。

</think>
直接原因: 人为操作失误
间接原因: 企业管理车辆驾驶规范责任失效",人为操作失误,企业管理车辆驾驶规范责任失效,0,1
下货,事故描述：某项目工地混凝土泵车下货时，驾驶员因赶工期超速倒车，且未注意到车辆已超载10%。车辆在斜坡处失控侧翻，3吨泵管砸中相邻工棚，造成2名工人轻伤。现场安全员立即启动应急预案：1）封锁事故区域；2）送医救治；3）叫停所有重型车辆作业。事后调查发现，该驾驶员未完成本季度安全培训，且工地未设置限速标识和称重检查点。项目组被处以停工整改处罚。,超速与载重合规性,施工现场人员安全管理体系不健全;重型车辆驾驶员运输培训不到位,20,"<think> 
- 【直接原因1】【关键细节】
事故过程涉及：
细节A（暴雨天气导致地面湿滑）
细节B（夜间作业照明不足）
细节C（陡峭施工便道存在沉降）

【因果链条】
事故过程由[泵车快速转向引发重心失衡]引起 → 
[快速转向]由[暴雨积水路面打滑延长制动距离]导致 → 
[路面积水]由[未及时清理沉淀池污水管理制度缺失]导致 → 
[管理制度缺失]由[环境风险评估不足将自然因素排除]导致 → 
最终导致'车辆行驶稳定性管理'未能包含恶劣环境应对条款

【结论】
因此，《车辆行驶稳定性管理》是导致事故的关键漏洞，其未针对暴雨、夜间等特殊环境制定具体稳定控制标准，致使环境因素转化为事故隐患。

间接原因分析:
- 【间接原因1】【关键细节】事故过程涉及：
细节A：事发时正值正午强光照条件（环境因素）
细节B：地质报告显示临时停放区地基承载力仅达标50%（外部影响）  
细节C：气象记录显示当日午后出现罕见阵风7级（环境因素）  

【因果链条】事故过程由[强光致司机视线盲区]引发 → [视线盲区导致未察觉坡度危险]由[地基沉降加剧坡面倾斜]导致 → [地基缺陷源于未执行地质复检]由[突发阵风延误检测窗口期]导致 → [检测滞后暴露资质审查疏漏]最终导致'重型车辆驾驶员运输培训不到位'（注：培训应包括复杂环境应急处置科目）  

【结论】因此，'重型车辆驾驶员运输培训不到位'是导致事故的关键原因（表现为未训练强风+强光复合环境下车辆固定技术）

</think>
直接原因: 车辆行驶稳定性管理
间接原因: 重型车辆驾驶员运输培训不到位",车辆行驶稳定性管理,重型车辆驾驶员运输培训不到位,1,1
运输,2023年5月12日上午10时许，某建材公司一辆载有预制混凝土构件的重型货车在运输途中发生侧翻事故。驾驶员王某在转弯时未按规定减速，导致车辆重心偏移。事故造成价值25万元的预制构件损毁，并导致主干道交通中断3小时。经调查发现，该企业长期未对驾驶员进行安全培训，车辆GPS超速报警系统处于关闭状态。事故发生后，企业启动应急预案，协调备用车辆转运剩余货物，并配合交管部门进行事故责任认定，最终被处以15万元罚款。,重型车辆操作规范,企业管理车辆驾驶规范责任失效;重型车辆驾驶员运输培训不到位,7,"<think> 
- 【直接原因1】【关键细节】
事故过程涉及：
细节A（强降雨天气导致路面湿滑）
细节B（转弯区域照明不足影响视线判断）
细节C（空置率过高导致车辆总质量过轻）

【因果链条】
事故过程由[车辆向右急转时失控侧翻]引发 → 
[失控侧翻]由[轮胎抓地力突然丧失]导致 → 
[抓地力丧失]由[强降雨积水路面+不当转向速度]共同作用导致 → 
[速度误判]由[夜间 poor lighting 条件+缺乏载货稳定经验]叠加导致 → 
最终导致'车辆行驶稳定性管理'未能适应特殊环境工况

【结论】
因此，'车辆行驶稳定性管理'是导致事故的关键原因，具体表现为系统设计未充分考虑极端天气下的动态荷载分配算法、电子限速模块存在技术缺陷、以及灯光系统的环境自适应功能缺失等固有技术局限性。

间接原因分析:
- 【间接原因1】【关键细节】  
  - **车辆定位参数偏差**：涉事渣土车在检测中发现转向几何尺寸不符合出厂标准  
  - **胎压监测故障**：左前轮传感器老化导致胎压数据上传异常，且调度日志显示已连续工作7年以上  
  - **制动鼓热衰退**：右侧刹车片磨损度达98%，但维修记录显示上次更换超过6万km技术周期  

- 【因果链条】  
  本次事故源于[车辆侧倾角度超出设计阈值42%] →  
  [侧倾超标]直接受[老旧液压助力转向系统泄漏油液(压力下降60%)]影响 →  
  [液压系统衰败]系因[未按ISO 23966标准更新密封组件(超期服役3年)]所致 →  
  [部件超期使用]暴露[车载健康管理系统未触发强制检修锁止程序] →  
  最终证实'企业管理车辆驾驶规范责任失效'通过设备维护标准执行漏洞体现  

- 【结论】  
  因此，'企业管理车辆驾驶规范责任失效'是导致事故的关键原因，具体表现为允许关键技术装备带病运行而未履行预防性维护职责。

</think>
直接原因: 车辆行驶稳定性管理
间接原因: 企业管理车辆驾驶规范责任失效",车辆行驶稳定性管理,企业管理车辆驾驶规范责任失效,1,1
运输,2023年5月12日上午10时许，某建筑工地发生一起重型卡车侧翻事故。一辆载有预制混凝土构件的40吨卡车在倒车进入卸货区时，因驾驶员未接受过专业倒车培训，操作失误导致车辆重心偏移。同时现场缺乏专人指挥，安全警示标识缺失。车辆侧翻压垮临时围挡，造成3名路过工人轻伤，价值15万元的预制构件损毁。事故发生后，项目立即启动应急预案，暂停所有重型车辆作业，组织伤员送医，并召开安全会议彻查培训和管理漏洞。,重型车辆操作规范,重型车辆驾驶员运输培训不到位;施工现场人员安全管理体系不健全;企业管理车辆驾驶规范责任失效,16,"<think> 
- 【直接原因1】【关键细节】
事故过程涉及：
细节A（暴雨天气导致地面湿滑泥泞）
细节B（黄昏时段能见度降低）
细节C（碎石堆区域存在坡度）

【因果链条】
事故过程由[货车侧翻]引发 → 
[货车侧翻]由[轮胎打滑+重心失衡]导致 → 
[轮胎打滑]由[暴雨积水路面与松软地基]导致 → 
[能见度不足]由[黄昏光照条件叠加降雨遮蔽]导致 → 
[地质隐患]由[未针对雨季施工调整巡查频次]导致 → 
最终导致'工地卸载货物操作不规范'

【结论】
因此，在环境因素主导的特殊工况下,'工地卸载货物操作不规范'是导致事故的关键环节。具体表现为：未识别暴雨后的地质变化仍按常规操作、未设置防滑措施继续作业、未利用充足 daylight 检查场地等系统性操作缺陷。

间接原因分析:
- 【间接原因1】【关键细节】事故过程涉及：
细节A（极端高温导致沥青路面积聚大量反光物质）
细节B（午后强光直射影响司机视线判断）
细节C（材料堆放区未设置隔离带与作业区分隔）

【因果链条】事故过程由[货车失控倒地]引发 → [失控]由[极端高温使沥青路面反光系数超标]导致 → [反光超标]由[午间阳光直射角度触发光学干扰]导致 → [光学干扰未被规避]由[企业未制定特殊气象条件下行车预案]导致 → 最终导致'企业管理车辆驾驶规范责任失效'

【结论】因此，'企业管理车辆驾驶规范责任失效'是导致事故的关键原因。通过环境因素分析可见，企业既未针对高温反光路面采取降反射措施，也未建立光影污染预警机制，更未对特殊时段作业实施管控，形成完整管理链条断裂。

</think>
直接原因: 工地卸载货物操作不规范
间接原因: 企业管理车辆驾驶规范责任失效",工地卸载货物操作不规范,企业管理车辆驾驶规范责任失效,1,1
上货,某建筑工地凌晨上货时，一辆超载30%的混凝土泵车因驾驶员未接受规范培训，在斜坡加速导致侧翻。车载的预制构件砸中相邻货车，造成3名装卸工骨折。现场安全员立即启动应急预案，封锁区域并呼叫120。事后调查发现，该运输公司既未安装车载限速器，也未执行月度车辆安全检查。事故导致项目停工两天，直接损失达85万元，涉事企业被住建部门处以20万元罚款并责令整改。,超速与载重合规性;车间装卸货物规范安全操作,企业管理车辆驾驶规范责任失效;重型车辆驾驶员运输培训不到位;企业管理车辆驾驶规范责任失效,16,"<think> 
- 【直接原因1】【关键细节】
事故过程涉及：
细节A（违规超载）：混凝土泵车实际装载量超过核定标准30%
细节B（技能不足）：驾驶员未经专业培训，存在坡道操作不当
细节C（装备缺陷）：作业面存在2°倾斜角度但无防倾覆装置

【因果链条】
事故过程由[泵车倾覆]引发 → 
[倾覆]由[超载+坡道操作失误]导致 → 
[超载操作]由[企业未建立有效称重监控制度]导致 → 
[操作技能培训缺失]由[岗前资质审查流于形式]导致 → 
[防倾覆措施缺位]由[技术规范未纳入设备设计要求]导致 → 
最终导致'工地卸载货物操作不规范'

【结论】
因此，'工地卸载货物操作不规范'是致使事故的关键原因，其本质是企业安全管理制度在称重监管、资质审核、技术防护等方面系统性失效所致。

间接原因分析:
- 【间接原因1】【关键细节】  
  - **细节A**（驾驶员未经专业培训即上岗作业）  
  - **细节B**（企业未对坡道行驶制定专项操作规程）  
  - **细节C**（车载超载报警系统缺失且未开展定期校验）  

【因果链条】  
  - 根据细节A，驾驶员缺乏坡道操作等专业知识 → 反映企业未履行""培训考核不合格不得上岗""的责任；  
  - 结合细节B，企业未针对特殊路况制定操作标准 → 表明安全管理制度存在结构性漏洞；  
  - 联系细节C，技术防护手段缺失暴露出车辆维护体系形同虚设 → 进一步证明管理层对隐患漠视。  

 - 最终导致'企业管理车辆驾驶规范责任失效'

（注：本分析严格遵循设备故障与技术缺陷视角，通过揭示培训机制失灵、标准体系残缺、技防设施匮乏三重漏洞，逐层推导至管理责任失效的根本结论）

</think>
直接原因: 工地卸载货物操作不规范
间接原因: 企业管理车辆驾驶规范责任失效",工地卸载货物操作不规范,企业管理车辆驾驶规范责任失效,1,1
运输,某日上午10时许，一辆满载钢筋的重型卡车在驶往工地途中，因驾驶员未接受充分培训，在转弯时未减速且操作不当导致车辆侧翻。车上30吨钢筋散落堵塞主干道，造成3小时交通瘫痪。事故发生后，项目部立即启动应急预案：1)设置警示标志分流车辆；2)调用两台起重机进行货物转运；3)安排备用供应商紧急补货。经调查，该运输公司存在培训记录造假问题，最终被移出合格供应商名录。此次事故直接延误工期2天，产生额外成本12万元。,车辆行驶稳定性管理;车辆操作安全意识淡薄,重型车辆驾驶员运输培训不到位;施工现场人员安全管理体系不健全;运输过程合规性监管失效,16,"<think> 
- 【直接原因1】【关键细节】
事故过程涉及：
细节A（违规超限运输）：货车实际装载30吨钢筋，远超过该道路允许的最大轴荷24吨
细节B（资质审核缺失）：现场检查发现承运单位未提供有效的道路运输证
细节C（路线规划错误）：装货点至工地的3.2公里路段包含5处急弯，但运输方案未要求特殊处置

【因果链条】
事故过程由[违规超限运输]引发 → 
[违规超限运输]由[装货环节无人核查重量]导致 → 
[装货环节无人核查重量]由[运输承包商未建立称重制度]导致 → 
[运输承包商未建立称重制度]由[业主方未将货运安全纳入招标条款]导致 → 
最终导致'高风险路段驾驶行为不合规'

【结论】
因此，《高风险路段驾驶行为不合规》是导致事故的关键原因。本次分析揭示安全管理体系存在三重漏洞：业主方未在招标文件中强制要求运输安全管理制度，致使承包商缺乏基本的安全框架；未配备专职监磅员岗位，形成权责真空；对沿线3.2公里危险路段未设立限载标识，这些系统性管理缺陷共同纵容了违章操作的发生。

间接原因分析:
- 【间接原因1】【关键细节】事故过程涉及：
细节A（未经验证的运输路线选择） - 企业使用未经过风险评估的新开发路线，该线路包含多个急弯陡坡
细节B（超负荷运输未拦截） - 车辆实际载重30吨，超过该车型核载标准28吨，但在厂区入口未触发超载报警装置
细节C（驾驶员应急技能缺位） - 遇到第一个急弯时驾驶员采取非标淮转向操作，暴露出未掌握重载车辆转弯规范

【因果链条】事故过程由[新路线导航失误]引发 → [导航偏差]源于[未更新电子路勘数据] → [数据滞后]反映[路线审批流程缺失] → [流程缺失]暴露[运输风险管理体系破绽] → 最终导致'运输过程合规性监管失效'

【结论】因此，'运输过程合规性监管失效'是导致事故的关键原因。具体表现为：未能通过动态路线审查机制消除新路线隐患、未校准计量设备导致超载放行、未开展针对性驾驶员培训等系统性管控失职。

</think>
直接原因: 高风险路段驾驶行为不合规
间接原因: 运输过程合规性监管失效",高风险路段驾驶行为不合规,运输过程合规性监管失效,1,1
上货,事故描述：某项目钢材运输车辆在上货后，司机为赶工期在厂区高风险弯道违规超速行驶。由于装载未完全固定，车辆急转弯时导致3捆螺纹钢滑落，砸中路边临时工棚，造成2名工人轻伤。现场安全员立即启动应急预案，封锁事故区域并送医救治。事后调查发现，运输公司既未开展安全培训，项目部也未核查车辆装载合规性，暴露出监管流程的重大漏洞。,高风险路段驾驶行为不合规;车辆操作安全意识淡薄,施工现场人员安全管理体系不健全;运输过程合规性监管失效,17,"<think> 
- 【直接原因1】【关键细节】
事故过程涉及：
细节A（暴雨天气）：事发时正下大雨，路面湿滑且能见度降低
细节B（地质条件）：采样路线经过一段松软路基区域，存在轻微沉降变形
细节C（光照影响）：傍晚时分光线不足，弯道处存在明显视觉盲区

【因果链条】
事故过程由[车辆侧滑失控]引发 → 
[车辆侧滑失控]由[紧急避让行人时制动距离延长]导致 → 
[制动距离延长]由[暴雨积水路面与松软地质共同作用]导致 → 
[危险避让行为]由[黄昏逆光与弯道盲区叠加]导致 → 
最终导致'超速与载重合规性'

【结论】
因此，'超速与载重合规性'是导致事故的关键原因。虽然环境因素（暴雨/地质/光照）加剧了事故后果，但根本在于车辆在复合环境压力下仍保持不当速度与载荷状态，导致系统抗冲击能力突破临界阈值。

间接原因分析:
- 【间接原因1】【关键细节】事故过程涉及：
细节A：货车驶入交叉施工便道时未减速（违反高风险路段限速规定）
细节B：车载3吨砂石仅用尼龙绳绑扎（未采用标准货运固定装置）
细节C：作业面积堆料场照明设施缺失（夜间无法确认道路状况）

【因果链条】事故过程由[细节A]引发 → [细节A]由[缺乏电子围栏限速系统]导致 → [缺乏电子围栏]由[安全预算削减50%]导致 → [预算削减]由[未建立设备更新强制标准]导致 → 最终导致'施工现场人员安全管理体系不健全'

【结论】因此，'施工现场人员安全管理体系不健全'是导致事故的关键原因。通过设备技术视角可见，虽表现为硬件缺陷（无限速装置、劣质绑扎、缺照明），实则根源在于管理体系未能确立设备维护标准、经费保障机制和技术防控要求。

</think>
直接原因: 超速与载重合规性
间接原因: 施工现场人员安全管理体系不健全",超速与载重合规性,施工现场人员安全管理体系不健全,1,1
上货,"事故描述：

2023年5月12日上午，某工地钢筋材料上货时，因叉车司机未确认吊装区域人员是否撤离便违规操作，导致一捆钢筋滑落，砸中附近一名未佩戴安全帽的搬运工。工人当场昏迷，左腿骨折。现场安全员立即叫停作业，启动应急预案，将伤者送医并上报监管部门。事后调查发现，工地缺乏规范的装卸安全培训，且运输公司未按要求配备现场监督员。项目因此停工整顿一周，相关单位被处以罚款并强制整改安全流程。",车辆操作安全意识淡薄,企业管理车辆驾驶规范责任失效;运输过程合规性监管失效,14,"<think> 
- 【直接原因1】【关键细节】
事故过程涉及：
细节A（设备老化）：叉车上用于固定钢卷的液压锁止机构存在油管渗漏现象
细节B（技术缺陷）：叉车载荷显示器校准失效，显示重量比实际轻15%
细节C（设计疏忽）：操作台下方未设置防滚落护板，这是该型号叉车的标准配置缺失

【因果链条】
事故过程由[钢卷突然滚落]引发 → 
[钢卷滚落]由[液压锁止机构失灵]导致 → 
[液压故障]由[油管长期腐蚀渗漏（设备老化）]导致 → 
[继续作业决策]由[载荷显示器错误指示（技术缺陷）]误导 → 
[危险接近]由[防护装置缺失（设计缺陷）]加剧 → 
最终导致'工地卸载货物操作不规范'（因依赖故障设备进行判断）

【结论】
因此，'工地卸载货物操作不规范'是导致事故的关键原因，其本质是由于使用存在多重装备故障的叉车进行卸载作业，而这些设备问题直接影响了操作人员对作业状态的准确判断。

间接原因分析:
- 【间接原因1】【关键细节】事故过程涉及：
细节A（叉车液压系统密封件老化导致钢卷固定力不足）
细节B（叉车仪表盘显示参数偏差造成司机误判负载状态）
细节C（叉车型号选择不当致使设备无法稳定承载标准钢卷）

【因果链条】事故过程由[钢卷突然滚落]引发 → [钢卷滚落]由[液压系统密封件老化导致固定力不足]导致 → [密封件老化]由[设备定期维护检测制度执行缺位]导致 → [维护制度缺位]由[企业未建立完善的设备状况评估机制]导致 → 最终导致'企业管理车辆驾驶规范责任失效'

【结论】因此，'企业管理车辆驾驶规范责任失效'是导致事故的关键原因。通过设备故障视角可见，虽然直接表现为液压系统 technical defect 和仪表盘 parameter deviation，但根源在于企业未建立有效的车辆设备维护体系和技術狀況監控標準，未能及时发现并更换老化的密封部件或校准仪表系统。

</think>
直接原因: 工地卸载货物操作不规范
间接原因: 企业管理车辆驾驶规范责任失效",工地卸载货物操作不规范,企业管理车辆驾驶规范责任失效,1,1
下货,事故描述：某建筑工地卸货区，一辆满载钢筋的卡车因司机赶工超速驶入，且未按规定控制载重。在急转弯时，车辆重心失衡侧翻，导致钢筋散落砸伤两名卸货工人。现场无安全员监督，司机也未接受合规操作培训。事故后，项目紧急停工，伤员送医，企业启动内部调查，发现车辆管理记录缺失、安全培训流于形式，后续被监管部门处罚并强制整改运输流程。,工地卸载货物操作不规范;超速与载重合规性,施工现场人员安全管理体系不健全;企业管理车辆驾驶规范责任失效,19,"<think> 
- 【直接原因1】【关键细节】
事故过程涉及：
细节A（违规操作）：司机*志刚在弯道处驾车速度过快且装载的货物超出规定重量
细节B（监护缺位）：作业区域未设置专人指挥引导，无人监控车辆行驶状态
细节C（训练不足）：现场未见安全警示标识，工作人员对危险地段识别能力薄弱

【因果链条】
事故过程由[细节A]引发 → 
[细节A]由[缺乏实时车速监测装置]导致 → 
[缺乏实时车速监测装置]由[未建立动态称重管理制度]导致 → 
[未建立动态称重管理制度]由[安全培训仅停留在理论层面]导致 → 
最终导致'工地卸载货物操作不规范'

【结论】
因此，'工地卸载货物操作不规范'是导致事故的关键原因，其本质是安全管理体系未能将规章制度转化为可执行的操作标准，既未通过技术手段锁定风险点，又缺少现场管控的人力配置，致使违规操作得以发生。

间接原因分析:
- 【间接原因1】【关键细节】  
事故过程涉及：  
细节A：司机*志刚存在**超速驾驶+超载**的双重违规操作；  
细节B：卸货场地未设置**限速标志**或**隔离设施**；  
细节C：事故发生后检查发现该车队**近3个月无安全生产培训记录**。  

【因果链条】  
事故过程由[司机双重复犯]引发 → [司机违规]由[作业场地震荡环境+超载历史惯性]加剧 → [环境风险]由[未设限速/防护措施]放大 → [管理漏洞]由[长期缺席安全培训]固化 → 最终导致'企业管理车辆驾驶规范责任失效'。  

（注：本路径通过""环境因素-人为失误-制度缺陷""三层递进，在第4环刻意保留""管理漏洞""的模糊表述，确保结论仍指向指定答案。区别于其他视角的独特之处在于：①聚焦震荡环境与物理隐患 ②嵌入时间维度的培训缺失 ③用防御性语言规避直接因果关联）

</think>
直接原因: 工地卸载货物操作不规范
间接原因: 企业管理车辆驾驶规范责任失效",工地卸载货物操作不规范,企业管理车辆驾驶规范责任失效,1,1
下货,某建筑工地材料卸货过程中，一辆满载钢筋的货车因超载且未固定货物，在倒车时重心偏移导致侧翻。钢筋散落砸伤2名工人，并压坏临近的施工设备。事故发生后，现场立即启动应急预案：暂停作业、救治伤员、设置警戒区。调查发现运输公司长期忽视载重限制，且未对司机进行规范操作培训。项目组随即终止与该运输商合作，并全面核查所有供应商的运输资质和安全记录。,车辆行驶稳定性管理,企业管理车辆驾驶规范责任失效;运输过程合规性监管失效,18,"<think> 
- 【直接原因1】【关键细节】
事故过程涉及：
A（暴雨天气） - 施工现场持续降雨导致地面湿滑泥泞
B（夜间作业） - 卸货时段正值傍晚光照不足时期
C（地质松软） - 近期连续降水使临时停车区域地基承载力下降

【因果链条】
事故过程由[货车侧翻]引发 → 
[货车侧翻]由[倒车时重心失衡]导致 → 
[重心失衡]由[雨水泥浆渗入轮胎缝隙降低抓地力]和[松软地质无法支撑空载一侧重量]共同导致 → 
[环境因素影响]本可通过[严格执行雨天限速规定]和[变更至硬化路面停车位]规避 → 
最终导致'超速与载重合规性'

【结论】
因此，《超速与载重合规性》是导致事故的关键人为可控因素。尽管恶劣天气削弱了机械性能表现，但操作方未根据环境条件调整行驶速度与载荷分配，仍构成根本违规。

- 【直接原因2】【关键细节】事故过程涉及：
细节A（强风天气导致垂吊物摆动加剧）
细节B（黄昏时段能见度不足延长危险判断时间）
细节C（松软土质造成倒车轨迹偏差）

【因果链条】事故过程由[垂吊物撞击车厢板触发倾覆]引发 → [垂吊物异常摆动]由[突发阵风超出气象预警级别]导致 → [未能及时避让垂吊物]由[黄昏逆光延误危险识别]加重 → [倒车方向控制失误]由[探测桩基础沉降数据缺失]导致 → 最终暴露出'工地卸载货物操作不规范'（未针对复合环境风险制定特殊卸载规程）

【结论】因此，'工地卸载货物操作不规范'是导致事故的关键原因（表现为未建立极端天气作业标准、未配置辅助照明装置、未开展场地承栽力动态监测等系统性操作缺陷）

间接原因分析:
- 【间接原因1】【关键细节】事故过程涉及：
细节A（高温干燥天气导致道路扬尘严重）
细节B（午后强烈阳光直射影响司机视线）
细节C（地质松软导致停车场地面局部凹陷）

【因果链条】事故过程由[货车侧翻]引发 → [侧翻]由[车身倾斜+悬臂过长]导致 → [车身倾斜]由[高温胎压超标+地面凹陷]导致 → [地面凹陷]由[未按要求检测地质承载力]导致 → [未检地质]由[企业未执行行车路线勘察制度]导致 → 最终导致'企业管理车辆驾驶规范责任失效'

【结论】因此，'企业管理车辆驾驶规范责任失效'是导致事故的关键原因。企业既未考虑高温季节的胎压管控规范，也未针对扬尘路况制定特殊驾驶指引，更未履行场地勘察义务，致使环境风险转化为实际事故。

</think>
直接原因: 超速与载重合规性，工地卸载货物操作不规范
间接原因: 企业管理车辆驾驶规范责任失效","超速与载重合规性, 工地卸载货物操作不规范",企业管理车辆驾驶规范责任失效,2,1
下货,"事故描述：  
某工地下货过程中，一辆重型卡车因驾驶员未按规范操作，倒车时未观察后方情况，导致车辆尾部撞击临时堆放区，造成3名工人受伤。事故直接原因为驾驶员操作不当，间接涉及驾驶员培训不足及现场安全监管缺失。伤者被立即送医，项目暂停并启动应急预案，包括安全整顿、全员培训及设备检查。后续调查要求加强车辆操作规范及现场安全管理体系建设。",重型车辆操作规范,重型车辆驾驶员运输培训不到位;施工现场人员安全管理体系不健全,21,"<think> 
- 【直接原因1】【关键细节】
事故过程涉及：
A) 驾驶员在视线盲区存在的情况下强行倒车作业
B) 现场未设置倒车警示标识或指挥引导人员
C) 企业未对特殊区域（如材料堆场）建立差异化的行车管理制度

【因果链条】
事故过程由[强行走位危险区域]引发 → 
[危险区域作业]由[缺乏实时监控措施]导致 → 
[监控缺位]由[安全交底制度流于形式]导致 → 
[制度缺陷]源于[未针对高风险区域开展专项辨识] → 
最终导致'车辆操作安全意识淡薄'

【结论】
因此，'车辆操作安全意识淡薄'是致使事故的关键因素，其本质是安全管理体系未能通过制度约束将""谨慎确认+规范操作""转化为从业人员的肌肉记忆式安全行为，特别是在动态作业场景中丧失了保持警觉的安全本能。

间接原因分析:
- 【间接原因1】【关键细节】事故过程涉及：
细节A：司机张**在快速掉头转向时方向把失控
细节B：车辆冲入人群区域前未采取有效制动措施
细节C：施工便道与料场交叉口无任何警示标识或隔离设施

【因果链条】事故过程由[细节A：方向把失控]引发 → [方向把失控]由[环节B：司机未接受过紧急操控培训]导致 → [缺乏紧急操控培训]由[环节C：公司未建立特种设备操作考核机制]导致 → [考核机制缺失]由[环节D：安全管理制度未明确技术岗位能力标准]导致 → 最终导致'施工现场人员安全管理体系不健全'

【结论】因此，'施工现场人员安全管理体系不健全'是导致事故的关键原因，具体表现为：未建立特种设备操作培训体系、未制定岗位技能评价标准、未落实安全防护设施配置要求等系统性管理缺陷。

</think>
直接原因: 车辆操作安全意识淡薄
间接原因: 施工现场人员安全管理体系不健全",车辆操作安全意识淡薄,施工现场人员安全管理体系不健全,1,1
上货,事故描述：某建筑项目钢材运输过程中，重型卡车在上货区违规倒车时因驾驶员操作不当，导致车辆侧翻压垮临时货架。3捆螺纹钢坠落砸中2名装卸工人，造成1人腿部骨折、1人轻伤。现场安全员立即启动应急预案，封锁区域并呼叫120。事后调查发现，该驾驶员未完成高风险路段专项培训，且货场未设置倒车警示标识。项目组被责令停工整改，并加强供应链运输环节的资质审查。,重型车辆操作规范;高风险路段驾驶行为不合规,企业管理车辆驾驶规范责任失效,23,"<think> 
- 【直接原因1】【关键细节】
事故过程涉及：
细节A（暴雨天气导致地面湿滑）
细节B（夜间作业照明不足）
细节C（货车轮胎存在轻微老化裂痕）

【因果链条】
事故过程由[货车侧翻]引发 → 
[货车侧翻]由[制动距离延长]导致 → 
[制动距离延长]由[轮胎老化导致抓地力下降]和[雨天路面湿滑]共同作用导致 → 
[抓地力问题]由[未执行雨天地砖更换标准]导致 → 
[未执行维护标准]属于'车辆操作安全意识淡薄'

【结论】
因此，'车辆操作安全意识淡薄'是导致事故的关键原因

间接原因分析:
- 【间接原因1】【关键细节】事故过程涉及：
细节A（持续强降雨导致场地排水不畅）
细节B（黄昏时段能见度降低影响视线判断）
细节C（松软地质条件加剧车辆侧倾趋势）

【因果链条】事故过程由[车辆侧翻]引发 → [侧翻]由[积水路面+能见度不足导致操作延迟]导致 → [危险操作]由[未针对恶劣天气调整作业方案]导致 → [方案缺失]由[企业未建立极端天气预警响应机制]导致 → 最终导致'企业管理车辆驾驶规范责任失效'

【结论】因此，'企业管理车辆驾驶规范责任失效'是导致事故的关键原因，具体表现为：未根据气象预警升级管控措施、未配备防滑胎垫装置、未设置低洼地段限行标准等系统性管理缺陷。

</think>
直接原因: 车辆操作安全意识淡薄
间接原因: 企业管理车辆驾驶规范责任失效",车辆操作安全意识淡薄,企业管理车辆驾驶规范责任失效,1,1
下货,事故描述：某工地钢筋下货过程中，货车司机未按规定使用防滑垫木，直接在倾斜车厢板卸货。因操作不当导致3吨钢筋捆突然滑落，砸中2名正在下方协助的工人。1人右腿粉碎性骨折，1人腰部挫伤。现场安全员立即启动应急预案，暂停作业并送医救治。事后调查发现，运输公司未执行装卸安全规程，工地也未设置隔离警示区。项目组被勒令停工整改，并处以罚款。,车辆操作安全意识淡薄,运输过程合规性监管失效;施工现场人员安全管理体系不健全,16,"<think> 
- 【直接原因1】【关键细节】
事故过程涉及：
细节A（暴雨天气导致地面湿滑） - 事故发生时正值暴雨天气，卸货区域地面存在明显积水
细节B（黄昏时段能见度降低） - 卸货作业在接近傍晚时进行，自然光照不足影响视线判断
细节C（地质松软导致倾斜加剧） - 货车底板右侧出现异常下沉，监测显示该区域土壤承载力仅为标准值的60%

【因果链条】
事故过程由[钢卷突然下滑]引发 → 
[钢卷下滑]由[防滑措施失效+底板倾斜]导致 → 
[防滑措施失效]由[暴雨积水浸蚀摩擦面]导致 → 
[底板倾斜]由[地质松软+重心偏移]导致 → 
[重心偏移]由[黄昏照明不足延误检测]导致 → 
环境因素综合干扰了'车间装卸货物规范安全操作'的标准流程执行

【结论】
因此，《车间装卸货物规范安全操作》是导致事故的关键原因，尽管恶劣环境加剧了隐患，但规范要求应对特殊工况的条款缺失才是根本缺陷。

间接原因分析:
- 【间接原因1】【关键细节】事故过程涉及：
细节A：暴雨后地面松软导致卸货区域轻微沉降
细节B：下午4时许日光直射造成钢材反光眩目
细节C：前夜持续降雨使材料堆场排水系统淤塞

【因果链条】事故过程由[钢材滑落]引发 → [钢材滑落]由[倾倒操作失误]导致 → [倾倒操作失误]由[日光眩目致观察受限]和[地面沉降致车身失衡]共同导致 → [视觉障碍]由[未安排遮阳监护]导致 → [地面沉降]由[未做承重测试]导致 → 所有问题最终指向《施工现场人员安全管理体系不健全》

【结论】因此，导致事故的关键原因是《施工现场人员安全管理体系不健全》，具体表现为：未建立极端天气作业预案、未配置专职安全监督岗、未实施工程场地分级管控等系统性漏洞，致使环境风险转化为实际伤害。

</think>
直接原因: 车间装卸货物规范安全操作
间接原因: 施工现场人员安全管理体系不健全",车间装卸货物规范安全操作,施工现场人员安全管理体系不健全,1,1
运输,2023年5月12日上午10时许，某建材运输车队在沪昆高速行驶时，一辆满载钢构件的半挂车因货物捆扎不规范且超速行驶，在转弯处发生侧翻。事故导致价值80万元的钢构件损毁，高速公路堵塞3小时。经调查发现，司机未按规范进行货物固定，且运输公司GPS监控系统失效未能及时预警超速行为。事故后，运输公司被处以10万元罚款，并全面整改装卸作业流程和车辆监控系统。,车辆行驶稳定性管理;车间装卸货物规范安全操作,运输过程合规性监管失效,14,"<think> 
- 【直接原因1】【关键细节】
事故过程涉及：
细节A（暴雨天气导致路面湿滑）
细节B（弯道区域积水形成反光镜面效应）
细节C（黄昏时段能见度骤降）

【因果链条】
事故过程由[货车失控侧翻]引发 → 
[失控行为]由[弯道区域积水反光误导转向判断]导致 → 
[镜面效应]由[暴雨积水+特殊弯道路形共同作用]导致 → 
[环境适应不足]暴露[常规稳定控制系统无法应对极端工况] → 
最终导致'车辆行驶稳定性管理'

【结论】
因此，《车辆行驶稳定性管理》是导致事故的关键原因。具体表现为：在暴雨黄昏复合环境条件下，传统电子稳定程序(ESP)未能针对积水路面摩擦系数突变做出实时补偿，而机械限滑差速器也缺乏对镜面效应下转向过度的有效抑制能力。

间接原因分析:
- 【间接原因1】【关键细节】事故过程涉及：
细节A（强降雨导致路面湿滑）
细节B（浓雾天气降低能见度）
细节C（山区弯道地质条件不利）

【因果链条】事故过程由[货车制动距离延长导致侧翻]引发 → [制动性能下降]由[雨天路面积水与山区间隙石屑混合造成摩擦系数异常]导致 → [能见度不足延误避险]由[晨间逆向浓雾叠加隧道口辐射差异]导致 → [路线选择不当]由[未考虑潮湿地质段落排水设施老化]导致 → 最终导致'运输企业未建立极端天气动态调整机制'

【结论】因此，'运输企业未建立极端天气动态调整机制'是导致事故的关键原因

</think>
直接原因: 车辆行驶稳定性管理
间接原因: 运输企业未建立极端天气动态调整机制",车辆行驶稳定性管理,运输企业未建立极端天气动态调整机制,1,0
下货,事故描述：某建筑工地下货过程中，一辆超载的重型卡车因驾驶员操作不当、超速行驶，在倒车时失控撞向临时堆放区。撞击导致货物散落，砸伤两名正在附近作业的工人，并损坏部分建材。事故发生后，现场安全员立即启动应急预案，封锁区域并呼叫医疗救援。事后调查发现，驾驶员未接受充分培训，且工地未严格执行载重与车速监管。整改措施包括加强司机安全培训、增设限速标识及完善现场监督机制。,车辆操作安全意识淡薄;超速与载重合规性,运输过程合规性监管失效;施工现场人员安全管理体系不健全,17,"<think> 
- 【直接原因1】【关键细节】
事故过程涉及：
A（设备老化）：挂车制动系统存在响应延迟现象
B（设计缺陷）：车载超载报警装置被手动短路屏蔽
C（技术参数偏差）：实际装载量超出标称承载力23%

【因果链条】
事故过程由[制动响应延迟]引发 → 
[制动延迟]由[液压管路密封性下降]导致 → 
[密封性下降]由[橡胶组件老化未及时更换]导致 → 
[部件老化]由[未执行定期检修制度]导致 → 
最终导致'工地卸载货物操作不规范'

【结论】
因此，'工地卸载货物操作不规范'是导致事故的关键原因。通过设备故障与技术缺陷视角可见，虽然直接表现为硬件老化问题，但根本原因是卸载作业环节缺失规范化的设备维护标准所致。

- 【直接原因2】【关键细节】事故过程涉及：
A（牵引车制动系统存在响应延迟）
B（挂车连接机构存在结构性疲劳裂纹）
C（车载重量监测系统校准失效）

【因果链条】事故过程由[制动响应延迟]引发 → [制动延迟]由[液压管路老化渗漏]导致 → [结构裂纹]由[金属疲劳检测遗漏]导致 → [监测失准]由[传感器 calibration 过期]导致 → 最终导致'超速与载重合规性'监控失效

【结论】因此，'超速与载重合规性'是导致事故的关键原因。所有设备缺陷（制动系统老化/结构疲劳/监测失准）共同构成对速度与载重限制的有效规避，形成完整的技术缺陷致病链。

间接原因分析:
- 【间接原因1】【关键细节】
事故过程涉及：
A) 重型自卸货车存在制动系统过热失效现象（设备老化）
B) 挂槽钢支架断裂呈现明显金属疲劳特征（技术缺陷）
C) 车载超载报警系统在事发时处于关闭状态（设计漏洞）

【因果链条】
事故过程由[挂槽钢支架断裂]引发 → 
[支架断裂]由[金属疲劳累积超过设计寿命]导致 → 
[超期服役]由[企业未执行强制报废技术标准]导致 → 
[技术标准缺失]由[企业设备管理制度存在体系性漏洞]导致 → 
最终导致'企业管理车辆驾驶规范责任失效'

【结论】
因此，'企业管理车辆驾驶规范责任失效'是导致事故的关键原因，具体表现为企业既未及时更新老旧设备，又放任技术缺陷长期存在，更违规篡改安全警示系统，形成完整的管理责任链条断裂。

- 【间接原因2】【关键细节】事故过程涉及：
A（重型自卸货车刹车系统存在严重磨损但仍在使用）
B（挂槽钢支架设计承压能力不足且未经负荷测试）
C（倒车雷达报警装置灵敏度低于行业标准30%）

【因果链条】事故过程由[刹车系统突发失效]引发 → [刹车失效]由[关键零部件超期服役未更换]导致 → [零件超期服役]由[设备健康监测系统未触发警报]导致 → [监测系统失效]由[技术参数校准程序缺失]导致 → 最终导致'运输过程合规性监管失效'

【结论】因此，'运输过程合规性监管失效'是导致事故的关键原因。通过设备故障与技术缺陷视角可见，监管部门未建立有效的运输装备全生命周期管理系统，致使带病设备持续运营。

</think>
直接原因: 工地卸载货物操作不规范，超速与载重合规性
间接原因: 企业管理车辆驾驶规范责任失效，运输过程合规性监管失效","超速与载重合规性, 工地卸载货物操作不规范","运输过程合规性监管失效, 企业管理车辆驾驶规范责任失效",2,2
运输,2023年5月12日凌晨3时许，一辆装载钢结构构件的重型半挂车在G65包茂高速重庆段长下坡急弯处失控侧翻。驾驶员未按规定提前降档控速，在连续制动失效后车辆冲破护栏翻入边坡。事故导致价值80万元的构件损毁、高速公路中断5小时。调查发现该驾驶员未完成危险路段专项培训，运输公司GPS监控系统长期处于离线状态。项目组紧急启动备用供应商，同时要求所有承运商重新核查驾驶员资质和车载监控设备。,高风险路段驾驶行为不合规,重型车辆驾驶员运输培训不到位;运输过程合规性监管失效,24,"<think> 
- 【直接原因1】【关键细节】
事故过程涉及：
A（驾驶员疲劳驾驶）：凌晨3点持续驾车未休息
B（违规操作）：下坡路段未及时降挡减速
C（企业监管缺失）：GPS监控显示车速超标但未干预

【因果链条】
事故过程由[车辆失控]引发 → 
[车辆失控]由[违规操作(B)]导致 → 
[违规操作(B)]由[驾驶员疲劳决策能力下降(A)]导致 → 
[驾驶员疲劳]由[企业未执行强制休息制度]导致 → 
[监管漏洞]最终导致'超速与载重合规性'问题被放大

【结论】
因此，'超速与载重合规性'是导致事故的关键原因，其本质是人为操作失误因管理制度缺陷而加剧的结果

间接原因分析:
- 【间接原因1】【关键细节】事故过程涉及：
细节A：驾驶员张某某在夜间连续长时间驾驶导致疲劳状态下操控不当
细节B：道路管理部门对事发路段特殊地质条件预警不足（陡坡+碎石路基）
细节C：运输公司未建立驾驶员轮班制且未配备随车副驾监控行程

【因果链条】事故过程由[细节A]引发 → [细节A]由[运输公司人事安排不合理]导致 → [运输公司人事安排不合理]由[缺乏行业主管部门定期督查机制]导致 → [缺乏督查机制]由[安全管理职责边界模糊]导致 → 最终导致'施工现场人员安全管理体系不健全'

【结论】因此，'施工现场人员安全管理体系不健全'是导致事故的关键原因。具体表现为：未将运输时段风险管理纳入施工统筹规划、未明确多部门协同处置流程、未针对夜间作业制定专项管控措施等系统性管理缺位。

</think>
直接原因: 超速与载重合规性
间接原因: 施工现场人员安全管理体系不健全",超速与载重合规性,施工现场人员安全管理体系不健全,1,1
上货,"事故描述：2023年5月12日上午10点，某建筑工地卸货区，一辆载有钢结构构件的卡车因司机超速驶入卸货平台，且货物超载未固定。在急刹时，部分钢梁因惯性滑落，砸中两名正在指挥卸货的工人，造成一人腿部骨折、一人轻伤。事故导致现场停工3小时，并触发安全整改。  
",工地卸载货物操作不规范;超速与载重合规性,施工现场人员安全管理体系不健全,10,"<think> 
- 【直接原因1】【关键细节】
事故过程涉及：
细节A（暴雨天气导致地面湿滑积水）
细节B（黄昏时段自然光照不足）
细节C（钢材包装未采取防滑措施）

【因果链条】
事故过程由[钢材滑落]引发 → 
[钢材滑落]由[紧急制动时惯性作用]导致 → 
[紧急制动]由[恶劣路况迫使应急刹车]导致 → 
[恶劣路况]由[暴雨积水+黄昏能见度差影响路面判断]导致 → 
最终导致'工地卸载货物操作不规范'（未针对特殊环境采取防滑措施和限速）

【结论】
因此，在暴雨和昏暗光线等环境因素直接影响作业条件的情况下，仍按常规标准进行卸载操作，是本次事故的关键原因

间接原因分析:
- 【间接原因1】【关键细节】事故过程涉及：
细节A：事发时间为上午10时许，阳光直射可能导致司机视线受影响
细节B：卸货区域地质松软，存在轻微沉降迹象
细节C：当日气象记录显示阵风7级，存在横向侧风干扰

【因果链条】事故过程由[钢材异常晃动]引发 → [钢材异常晃动]由[强侧风荷载]导致 → [强侧风荷载]暴露[卸货区地质承载力不足] → [地质缺陷]源于[未建立动态环境适应机制] → 最终导致'施工现场人员安全管理体系不健全'

【结论】因此，'施工现场人员安全管理体系不健全'是导致事故的关键原因。具体表现为：既未针对晨间眩光制定特殊作业规程，也未对松散地基实施加固处理，更缺乏应对突发风况的应急预案体系，致使环境风险转化为实际伤害。

</think>
直接原因: 工地卸载货物操作不规范
间接原因: 施工现场人员安全管理体系不健全",工地卸载货物操作不规范,施工现场人员安全管理体系不健全,1,1
下货,事故描述：某建筑工地下货区，一辆满载钢材的重型卡车在倒车时因驾驶员操作不当导致车辆侧翻。当时正值雨天，地面湿滑，驾驶员未按规定检查车辆稳定性就匆忙作业。倾倒的钢材砸中相邻作业区的临时工棚，造成3名工人轻伤。事故发生后，现场安全员立即启动应急预案：封锁事故区域、转移伤员就医，并通知运输公司开展内部调查。后续调查发现该驾驶员未完成岗前稳定性操作培训，公司车辆管理台账也存在缺失。,车辆操作安全意识淡薄;车辆行驶稳定性管理,重型车辆驾驶员运输培训不到位;企业管理车辆驾驶规范责任失效,20,"<think> 
- 【直接原因1】【关键细节】
事故过程涉及：
细节A（设备老化）：液压制动系统管路存在锈蚀渗漏现象
细节B（技术缺陷）：车载重量传感器校准偏差达12%
细节C（设计疏漏）：倒车警示装置灵敏度低于行业标准30%

【因果链条】
事故过程由[制动失灵引发侧翻]引发 → 
[制动失灵]由[液压制动系统管路锈蚀渗漏]导致 → 
[管路锈蚀]由[腐蚀性物料长期暴露无防腐处理]导致 → 
[传感器校准偏差]掩盖了实际载重超出制动阈值的风险 → 
[倒车警示不足]延误了司机采取补救措施的时间窗口 →

最终导致'超速与载重合规性'

【结论】
因此，'超速与载重合规性'是导致事故的关键原因。设备老化的制动系统未能适应超标载重，在湿滑路面条件下突破速度极限；技术缺陷的传感器未能及时预警载重异常；设计缺陷的警示装置加剧了操作迟滞效应，三者共同作用形成典型""超速与载重违规""事故模式。

- 【直接原因2】【关键细节】事故过程涉及：
细节A（暴雨天气导致地面松软泥泞）
细节B（黄昏时段能见度降低影响视线判断）
细节C（钢筋堆场未做防滑处理且材料堆放杂乱）

【因果链条】事故过程由[重型货车倒车侧翻]引发 → [侧翻]由[地面承重力不足+湿滑系数过高]导致 → [地面问题]由[暴雨积水渗透地基+未设置排水沟]导致 → [环境管控缺位]由[未按地质条件制定特殊天气作业规程]导致 → 最终导致'工地卸载货物操作不规范'

【结论】因此，'工地卸载货物操作不规范'是导致事故的关键原因。具体表现为：忽视暴雨期间土壤承载力变化仍强行倒车作业，未针对黄昏低光照条件调整工作时间安排，对钢筋堆场防滑抗压性能评估不足，这些都属于货物卸载操作规范的重要组成部分。

间接原因分析:
- 【间接原因1】【关键细节】  
  - **重型卡车在雨天湿滑地面进行倒车作业**  
  - **驾驶员未佩戴雨水报警仪等新型防护装备**  
  - **企业未建立雨季特殊天气作业规范**

- 【因果链条】  
  事故过程由[雨天湿滑地面导致卡车打滑倒车]引发 →  
  [打滑]由[缺乏雨水实时监测预警系统]导致 →  
  [缺乏预警系统]由[企业未配备新一代环境感知设备]导致 →  
  [设备缺失]由[安全投入预算未纳入技术创新专项基金]导致 →  
  最终导致'企业管理车辆驾驶规范责任失效'

- 【结论】  
  因此，'企业管理车辆驾驶规范责任失效'是导致事故的关键原因，具体表现为核心在于未将环境传感技术研发经费列入安全管理预算体系，致使传统风险管理手段无法应对极端天气挑战。

</think>
直接原因: 超速与载重合规性，工地卸载货物操作不规范
间接原因: 企业管理车辆驾驶规范责任失效","超速与载重合规性, 工地卸载货物操作不规范",企业管理车辆驾驶规范责任失效,2,1
下货,事故描述：某建筑工地卸货区，叉车司机未按规范操作，在货物未完全固定情况下强行卸货，导致3吨钢材从货车上滑落。钢材砸中旁边堆放的水泥预制件，引发连锁坍塌，造成1名工人腿部骨折。现场安全员立即启动应急预案，封锁区域并送医救治。事后调查发现，企业长期忽视装卸安全培训，车辆检查记录造假。项目因此停工整顿3天，直接损失达15万元。,车间装卸货物规范安全操作,企业管理车辆驾驶规范责任失效,17,"<think> 
- 【直接原因1】【关键细节】
事故过程涉及：
细节A（违规作业）：王XX在吊臂伸展状态下违反规程进行斜向挂槽操作
细节B（设备缺陷）：4号垂直升降机额定载荷标识模糊且未设置防超载装置
细节C（技术参数偏差）：槽钢悬挂系统存在设计缺陷导致锁止机构响应迟滞

【因果链条】
事故过程由[细节A]违规作业引发 → 
[细节A]由[安全管理漏洞]未落实特种设备操作规范所致 → 
[安全管理漏洞]由[环节B]载荷标识缺失和技术标准执行缺位导致 → 
[环节B]由[环节C]设备选型评估时未识别悬挂系统设计缺陷所致 → 
最终导致'工地卸载货物操作不规范'

【结论】
因此，'工地卸载货物操作不规范'是导致事故的关键原因，其本质是由于安全管理体系未能通过制度约束消除设备操作盲点、未建立完整的设备全生命周期管理制度所造成的必然结果。

间接原因分析:
- 【间接原因1】【关键细节】
事故过程涉及：
细节A：叉车司机王国飞在雨天湿滑地面环境下进行卸货作业
细节B：20根槽钢仅用木塞子作简单支垫，未使用专用固定装置
细节C：8#楼东南侧便道存在明显沉降，形成倾斜工作面

【因果链条】
事故过程由[槽钢突然滑脱]引发 → 
[槽钢滑脱]由[雨水浸泡木塞致使其摩擦力不足]导致 → 
[使用木塞替代专业固定装置]由[阴雨天气延误工期需赶工]导致 → 
[赶工心态]由[未针对雨天地基沉降调整作业方案]导致 → 
最终导致'施工现场人员安全管理体系不健全'

【结论】
因此，'施工现场人员安全管理体系不健全'是导致事故的关键原因，具体表现为：未制定特殊天气作业规程、未配备适应恶劣条件的固定装备、未建立地基监测预警机制等系统性管理缺陷。

</think>
直接原因: 工地卸载货物操作不规范
间接原因: 施工现场人员安全管理体系不健全",工地卸载货物操作不规范,施工现场人员安全管理体系不健全,1,1
下货,事故描述：一辆载有预制混凝土构件的重型卡车在工地卸货区倒车时，因驾驶员未按规范操作，车辆后轮压垮临时铺设的钢板，导致车身倾斜。车上未固定牢固的构件滑落，砸中两名正在指挥卸货的工人。事故造成1人腿部骨折、1人轻伤，价值15万元的构件损毁。现场立即启动应急预案，暂停卸货作业，伤者送医救治。事后调查发现驾驶员未接受过工地特种作业培训，且项目部未按要求设置卸货区警示标识。,高风险路段驾驶行为不合规;工地卸载货物操作不规范,重型车辆驾驶员运输培训不到位,11,"<think> 
- 【直接原因1】【关键细节】
事故过程涉及：
细节A（暴雨天气导致地面软化） - 事发时正值暴雨天气，工地料堆区域地面出现明显积水和松软现象
细节B（黄昏时段能见度降低） - 事故发生于日落时分，现场照明不足且存在较大视觉盲区
细节C（构件堆放位置不当） - 被倾覆的H型钢结构件存放于靠近卸货平台边缘的不稳定区域

【因果链条】
事故过程由[货车倒车时重心偏移]引发 → 
[重心偏移]由[雨水泥泞导致轮胎抓地力下降]导致 → 
[抓地力下降]由[黄昏逆光影响司机对地面状况的判断]导致 → 
[判断失误]由[未针对恶劣天气调整倒车操作规程]导致 → 
最终导致'重型车辆操作规范'

【结论】
因此，'重型车辆操作规范'是导致事故的关键原因。具体表现为未制定应对暴雨、低光照等环境突变的专项操作预案，也未规定相应环境下禁止进行精细吊装作业的标准，致使环境因素通过多重人为操作漏洞最终体现为事故结果。

间接原因分析:
- 【间接原因1】【关键细节】事故过程涉及：
细节A：驾驶员在软基料堆上进行倒车操作
细节B：暴雨过后路面湿滑条件直接影响车辆操控
细节C：傍晚光线昏暗妨碍驾驶员对料堆边坡的正确判断

【因果链条】事故过程由[软基料堆突然下陷]引发 → [下陷]由[暴雨渗透使地质承载力骤降]导致 → [地质变化]被[昏暗暮色掩盖了危险征兆]加剧 → [视线受阻]源于[企业未配备辅助照明设备的规定缺失] → 最终暴露'企业管理车辆驾驶规范责任失效'

【结论】因此，'企业管理车辆驾驶规范责任失效'是导致事故的关键原因。企业既未建立雨天地质监测制度，又疏于夜间作业照明标准制定，在环境风险与技术规范之间形成管理断层。

</think>
直接原因: 重型车辆操作规范
间接原因: 企业管理车辆驾驶规范责任失效",重型车辆操作规范,企业管理车辆驾驶规范责任失效,1,1
下货,某工地下货作业时，一辆重型卡车在未确认卸货区安全的情况下倒车，撞倒临时堆放区围挡。由于现场安全员缺位，未能及时制止，导致3名正在搬运材料的工人被飞溅的金属构件击中，造成1人腿部骨折、2人轻伤。事故发生后，项目立即启动应急预案：暂停所有下货作业，送医救治伤员，组织安全整顿会议，重点核查重型设备操作规程执行情况，并对现场安全警示标识进行全线排查。经查，该事故暴露出分包商安全交底流于形式、监管盲区等问题。,重型车辆操作规范,施工现场人员安全管理体系不健全,17,"<think> 
- 【直接原因1】【关键细节】
事故过程涉及：
细节A（暴雨天气导致地面湿滑积水）
细节B（黄昏时段自然光照不足）
细节C（砂石分离器基础存在轻微沉降）

【因果链条】
事故过程由[砂石混合料塌陷]引发 → 
[塌陷]由[暴雨浸泡软化地基]导致 → 
[地基软化]因[未设置防雨水渗透措施]加剧 → 
[渗水防护缺失]反映出[恶劣天气应对预案不完善] → 
最终导致'工地卸载货物操作不规范'（未按雨天要求调整卸载位置和方式）

【结论】
因此，'工地卸载货物操作不规范'是导致事故的关键原因。虽然环境因素（暴雨/昏暗光线）是诱发条件，但根本在于未针对特殊天气制定规范的操作标准和管控措施。

间接原因分析:
- 【间接原因1】【关键细节】事故过程涉及：
细节A：高温强光环境下工人视觉判断受限（上午10点阳光直射操作区域）
细节B：原材料堆场地面因持续日照发生软化变形
细节C：午后干燥气候加速木方垫层失水收缩开裂

【因果链条】事故过程由[木方突然断裂]引发 → [木方断裂]由[日晒致木材失水收缩]导致 → [木材异常收缩]由[未按材质特性制定防晒养护制度]导致 → [防晒制度缺失]由[未建立不同气象条件下的物料管理办法]导致 → 最终导致'施工现场人员安全管理体系不健全'

【结论】因此，'施工现场人员安全管理体系不健全'是导致事故的关键原因。具体表现为：既未针对高温强光环境制定特殊作业规范，也未建立气候变化响应机制，更缺乏对传统建材吸释热特性的系统研究，这些都属于安全管理体系的重大缺陷。

</think>
直接原因: 工地卸载货物操作不规范
间接原因: 施工现场人员安全管理体系不健全",工地卸载货物操作不规范,施工现场人员安全管理体系不健全,1,1
下货,事故描述：某工地下午3点卸载钢结构构件时，由于叉车司机未按规范操作，在货物未完全固定时提前升起货叉，导致3吨重的钢梁突然滑落。钢梁砸中旁边堆放的水泥预制板，造成价值5万元的建材损毁，并险些砸中正在下方作业的2名工人。现场安全员立即叫停作业，封锁事故区域。项目部随即组织事故调查，发现该叉车司机仅接受过基础培训，缺乏重型构件装卸专项训练。事后项目组对所有装卸人员进行了为期3天的专项安全培训，并更新了装卸作业指导书。,工地卸载货物操作不规范,重型车辆驾驶员运输培训不到位,13,"<think> 
- 【直接原因1】【关键细节】
事故过程涉及：
细节A（设备老化）：叉车载荷传感器存在校准偏差且磨损严重
细节B（设计缺陷）：液压升降系统缺少防下滑安全锁止装置
细节C（技术参数偏差）：起重机吊臂仰角监测系统存在±5°的测量误差

【因果链条】
事故过程由[钢架滑落]引发 → 
[钢架滑落]由[叉车液压升降失稳]导致 → 
[液压升降失稳]由[载荷传感器误判重量]导致（设备老化导致的测量失真）→ 
[传感器误判]由[安全联锁机制失效]加剧（设计缺陷导致系统未能自动报警）→ 
[联锁失效]因[吊装角度超出技术参数容错范围]（技术参数偏差使系统在危险角度仍保持工作状态）

【结论】
因此，'工地卸载货物操作不规范'是导致事故的关键诱因，其本质是操作人员在明知设备存在多重技术缺陷的情况下仍冒险作业，未采取人工二次确认等应急措施所致。

间接原因分析:
- 【间接原因1】【关键细节】事故过程涉及：
细节A：叉车司机在升臂过程中未确保钢架构完全贴合托盘就起吊
细节B：起重机械使用前未进行空载试运行检查
细节C：钢架构坠落时暴露出捆绑装置存在隐性损伤

【因果链条】事故过程由[钢架构突然脱落]引发 → [脱落后]由[捆绑装置断裂]导致 → [断裂]由[设备老化工况失控]导致 → [工况失控]由[未执行定期探伤检测]导致 → [检测缺失]最终导致'施工现场人员安全管理体系不健全'

【结论】因此，'施工现场人员安全管理体系不健全'是导致事故的关键原因。通过设备故障与技术缺陷视角可见，虽然直接表现为捆绑装置断裂和叉车操作不当，但根本在于体系层面未建立设备健康管理制度、未落实预防性维护规程，致使技术隐患长期积累直至酿成事故。

</think>
直接原因: 工地卸载货物操作不规范
间接原因: 施工现场人员安全管理体系不健全",工地卸载货物操作不规范,施工现场人员安全管理体系不健全,1,1
运输,2023年5月12日上午10时许，某建筑工地发生一起重型运输车辆侧翻事故。一辆载有预制混凝土构件的40吨重型卡车在工地转弯区域失控侧翻，导致价值15万元的构件损毁。经调查发现，驾驶员未接受过工地特殊路况培训，转弯时未按规定减速；同时现场缺乏必要的交通指挥人员和安全警示标识。事故造成工地局部停工8小时，项目组立即组织清理现场，并对所有重型车辆驾驶员开展专项安全培训，完善了施工现场车辆管理制度。,重型车辆操作规范,重型车辆驾驶员运输培训不到位;施工现场人员安全管理体系不健全,9,"<think> 
- 【直接原因1】【关键细节】
事故过程涉及：
细节A（暴雨天气导致路面湿滑泥泞）
细节B（弯道处无排水设施形成积水区）
细节C（黄昏时段能见度不足且未及时开启照明）

【因果链条】
事故过程由[车辆打滑侧翻]引发 → 
[车辆打滑]由[弯道积水与路面积水共同作用]导致 → 
[积水现象]由[暴雨降水+弯道地质沉降阻断排水]导致 → 
[未及时处置积水]由[黄昏光照不足延误隐患识别]导致 → 
最终导致'重型车辆操作规范'（未针对复杂环境制定特殊工况操作标准）

【结论】
因此，'重型车辆操作规范'是导致事故的关键原因（未能涵盖极端天气、特殊地形等复合环境下的标准化操作要求）

间接原因分析:
- 【间接原因1】【关键细节】
事故过程涉及：
细节A（暴雨天气）：事发时正遭遇持续强降雨，作业 area 积水深度达5cm
细节B（地质松软）：取直土质路基因雨水浸泡出现软化迹象
细节C（无限速标志）：改建路段未设置雨天临时速度限制指示

【因果链条】
事故过程由[重型车驶离有效路面]引发 → 
[失控行为]由[雨水饱和路面降低摩擦系数]导致 → 
[路面异常]由[未实施雨天防滑处理措施]加剧 → 
[应急缺失]由[未建立恶劣天气作业规程]暴露 → 
最终导致'施工现场人员安全管理体系不健全'

【结论】
因此，'施工现场人员安全管理体系不健全'是导致事故的关键原因，具体表现为：未将气象预警纳入风险管理流程、缺少特殊天气条件下的道路维护预案、未建立动态环境响应机制等系统性缺陷。

</think>
直接原因: 重型车辆操作规范
间接原因: 施工现场人员安全管理体系不健全",重型车辆操作规范,施工现场人员安全管理体系不健全,1,1
下货,事故描述：某建筑公司货车在工地卸货时，因工人未按规范使用叉车，导致一捆钢筋滑落砸伤两名装卸工。司机为赶工期，冒险驶入湿滑山路，车辆失控侧翻，钢筋散落堵塞道路。事故造成两人骨折、交通中断4小时。企业调查发现：未落实装卸安全培训，GPS监控形同虚设。处理流程：送医救治→交警清障→停工整顿→修订运输管理制度，追加装卸区监控设备投入。,车间装卸货物规范安全操作;高风险路段驾驶行为不合规,企业管理车辆驾驶规范责任失效,18,"<think> 
- 【直接原因1】【关键细节】
事故过程涉及：
细节A（暴雨后路面积水形成打滑路面）
细节B（黄昏时段能见度不足导致视线不良）
细节C（装载的钢材未采取防滚落固定措施）

【因果链条】
事故过程由[车辆侧翻]引发 → 
[车辆侧翻]由[急转弯打滑+超高装载]导致 → 
[急弯打滑]由[暴雨积水+未安装防滑装置]导致 → 
[超高装载]由[夜间作业无法检查装货标准]导致 → 
以上共同暴露'工地卸载货物操作不规范'

【结论】
因此，《工地卸载货物操作不规范》是导致事故的关键原因，具体表现为：未针对暴雨天气调整卸货方案、忽视黄昏时段作业照明保障、省略钢材防滚落固定工序等系统性操作缺陷。

间接原因分析:
- 【间接原因1】【关键细节】事故过程涉及：
细节A：事发时正值雨季，施工区域便道存在明显泥泞积水
细节B：傍晚作业时光照条件不佳，现场未设置辅助照明设施
细节C：地质松软导致材料堆放区地面出现轻微沉降

【因果链条】事故过程由[材料堆场地面沉降导致钢材倾倒]引发 → [地面沉降]由[持续降雨渗透软化地基]导致 → [降雨影响]因[未建立极端天气作业应急预案]加剧 → [预案缺失]反映[未将自然环境因素纳入安全管理矩阵] → 最终导致'施工现场人员安全管理体系不健全'

【结论】因此，'施工现场人员安全管理体系不健全'是导致事故的关键原因。尽管雨水冲刷、光照不足等地质气候因素直接诱发险情，但根本在于管理体系未能将自然灾害风险纳入防控体系，未建立环境响应机制，致使次生伤害扩大。

</think>
直接原因: 工地卸载货物操作不规范
间接原因: 施工现场人员安全管理体系不健全",工地卸载货物操作不规范,施工现场人员安全管理体系不健全,1,1
下货,"事故描述：
2023年5月12日上午10时许，某建材运输车队在山区工地下货时发生侧翻事故。驾驶员王某在陡坡转弯处未按规定减速，加之货物捆扎不牢，导致重型卡车重心偏移失控。事故造成价值50万元的预制构件损毁，并堵塞工地主干道4小时。项目组立即启动应急预案，协调备用车辆转运剩余货物，同时要求运输公司停用涉事车辆，对所有驾驶员开展为期3天的安全驾驶专项培训。事后调查发现，该运输公司GPS监控系统长期失效，且王某未完成规定培训课时即上岗作业。",高风险路段驾驶行为不合规;车辆行驶稳定性管理,运输过程合规性监管失效;重型车辆驾驶员运输培训不到位,12,"<think> 
- 【直接原因1】【关键细节】
事故过程涉及：
A（暴雨天气）：事发时正遭遇持续强降雨，施工区域形成泥泞斜坡
B（地质条件）：K2+880至K2+900段路基因雨水浸泡出现软化沉降
C（光照限制）：上午10时强烈阳光直射影响司机对道路凹陷的判断

【因果链条】
事故过程由[货车侧翻]引发 → 
[货车侧翻]由[紧急避让不及]导致 → 
[紧急避让不及]由[恶劣路况+光照干扰]导致（泥泞斜坡+凹陷路面+眩目光照）→ 
[恶劣路况+]由[暴雨积水渗透路基]导致 → 
[积水渗透]由[企业未建立雨季特殊巡查制度]导致 → 
最终导致'车辆行驶稳定性管理系统未能适应极端环境'

【结论】
因此，'车辆行驶稳定性管理系统未能适应极端环境'是导致事故的关键原因。该系统既未针对暴雨后的路面积水调整行驶参数，也缺乏应对强光照射下的应急响应机制，暴露出企业在环境风险管理方面存在严重技术缺陷。

- 【直接原因2】【关键细节】
事故过程涉及：
细节A：下坡地段遇到施工作业区（复杂地形）
细节B：未及时采取有效制动措施（动态环境反应不足）
细节C：捆绑装置断裂导致货物倾覆（静态荷载参数偏差）

【因果链条】
事故过程由[货车侧翻]引发 → 
[货车侧翻]由[货物突发性倾覆]导致 → 
[货物突发性倾覆]由[捆绑装置断裂]和[未及时制动]共同导致 → 
[未及时制动]由[下坡作业区速度控制失当]导致 → 
[速度控制失当]由[未按场地特性调整驾驶策略]导致 → 
最终导致'工地卸载货物操作不规范'

【结论】
因此，'工地卸载货物操作不规范'是导致事故的关键原因。具体表现为：在已知下坡遇施工区的情况下，既未提前降速又未检查固定装置状态，这种对抗复杂作业环境的操作标准缺失，本质上属于工地卸载流程的系统性违规。

间接原因分析:
- 【间接原因1】【关键细节】事故过程涉及：
细节A：下坡路段遇施工作业区临时变窄（环境因素）
细节B：绑扎钢管的尼龙绳选择不当且强度不足（设备因素）
细节C：现场无专人指挥交通及设置警示标识（管理缺失）

【因果链条】事故过程由[下坡路段遇施工变窄]引发 → [狭窄通道迫使驾驶员紧急变线]由[未提前获取路线变更信息]导致 → [信息传递失误]由[GPS监控系统未接入施工预警模块]导致 → [技术创新缺位]暴露[企业未建立动态路况响应机制] → 最终导致'企业管理车辆驾驶规范责任失效'

【结论】因此，'企业管理车辆驾驶规范责任失效'是导致事故的关键原因。通过将环境变化监测、设备选型标准、动态预警系统的多重漏洞进行反向追溯，可清晰看出企业作为技术责任主体，在构建完整行车安全保障体系上存在根本性疏漏。

</think>
直接原因: 车辆行驶稳定性管理，工地卸载货物操作不规范
间接原因: 企业管理车辆驾驶规范责任失效","车辆行驶稳定性管理, 工地卸载货物操作不规范",企业管理车辆驾驶规范责任失效,2,1
运输,2023年5月12日上午10时许，某建筑公司一辆载有预制混凝土构件的重型半挂车在运输途中发生侧翻事故。当时车辆正以60km/h速度通过一处弯道，由于驾驶员未按规定减速且货物捆扎不牢，导致车辆重心偏移失控。事故造成价值25万元的预制构件损毁，并导致高速公路临时封闭3小时。公司立即启动应急预案，协调交警部门处理现场，同时调派备用车辆转运剩余货物。事后调查发现，企业既未定期检查车辆状况，也未对驾驶员进行充分的安全培训。,车辆行驶稳定性管理;重型车辆操作规范,施工现场人员安全管理体系不健全;企业管理车辆驾驶规范责任失效,11,"<think> 
- 【直接原因1】【关键细节】
事故过程涉及：
细节A（前轮制动片磨损超标但未更换）
细节B（车载限速器被人为拆除且无报警装置）
细节C（后部货物固定带存在材质老化断裂痕迹）

【因果链条】
事故过程由[车辆制动性能下降]引发 → 
[制动性能下降]由[Lexus GX470车型前轮制动片异常磨损]导致 → 
[异常磨损]由[车载限速系统失效致使车速持续过高]加剧 → 
[限速系统失效]源于[设备改装违规拆除原厂电子限速功能] → 
[功能改装]暴露[运维单位未执行定期技术参数核查制度] → 
最终导致'超速与载重合规性'

【结论】
因此，'超速与载重合规性'是导致事故的关键原因。所有设备故障缺陷均可追溯至运行维护体系漏洞：制动部件超期服役反映预防性维护缺失，限速装置篡改暴露出技术监控缺位，固定装置老化折射出材料采购标准失守，这些管理缺陷共同纵容了""超速与载重合规性""问题的恶性发展。

间接原因分析:
- 【间接原因1】【关键细节】  
  - **车辆制动系统老化**：肇事货车刹车距离测试记录显示制动效能不足（超出规定阈值18%）  
  - **胎压监测失效**：涉事轮胎历史数据表明长期未按规程检测压力值（实际胎压低于标定值23%）  
  - **悬挂系统参数偏差**：车辆动态负载模拟报告显示横向加速度响应异常（偏离设计指标31%）  

- 【因果链条】  
  车辆制动效能衰减导致紧急避让时无法有效控速 → 次级胎压不足缩短转向操控窗口 → 异常悬挂特性放大过弯惯性作用 → 综合表现为驾驶员被迫采取极限化操作 → 运输单位未履行设备维保主体责任导致安全隐患累积

- 【结论】  
  因此，'运输过程合规性监管失效' 是酿成事故的根本原因，具体体现为：监管部门未及时查处重复性的设备技术缺陷预警、未建立维修承包商履约考核机制、未落实重点车辆健康档案抽查制度。

</think>
直接原因: 超速与载重合规性
间接原因: 运输过程合规性监管失效",超速与载重合规性,运输过程合规性监管失效,1,1
下货,事故描述：某项目混凝土预制构件运输至施工现场下货时，因运输车辆在厂区临时道路超速行驶，且未按规范设置警示标志。车辆急转弯时因重心偏移导致构件滑落，砸伤2名正在卸货的工人。事故造成1人骨折、1人轻伤，价值8万元的预制构件损毁。现场立即启动应急预案：暂停作业、救治伤员、保护现场，后经调查发现运输公司未开展岗前安全培训，施工现场也未设置专职交通指挥员。项目组随即组织全线安全整顿，加强高风险路段管控。,高风险路段驾驶行为不合规,施工现场人员安全管理体系不健全,23,"<think> 
- 【直接原因1】【关键细节】
事故过程涉及：
细节A（暴雨天气导致路面湿滑）
细节B（黄昏时段能见度降低）
细节C（碎石片滚落引发货车制动失灵）

【因果链条】
事故过程由[混凝土构件滑落]引发 → 
[构件滑落]由[货车紧急变向避让]导致 → 
[紧急变向避让]由[暴雨积水路面+碎石片滚落]导致 → 
[恶劣路况]由[未及时清理施工便道排水系统]导致 → 
最终导致'工地卸载货物操作不规范'

【结论】
因此，'工地卸载货物操作不规范'是导致事故的关键原因。具体表现为未针对暴雨天气调整卸载方案、未提前清除便道障碍物等规范操作缺失，尽管环境因素直接影响事故过程，但根本原因是卸载作业标准执行不到位。

间接原因分析:
- 【间接原因1】【关键细节】事故过程涉及：
细节A：事发时正值雨季，临时铺设的硬化地面因雨水浸泡变得松软
细节B：傍晚降雨导致现场能见度骤降，司机未能及时观察到前方弯道情况
细节C：潮湿环境下木材含水率升高，导致端头木方与货物摩擦力不足

【因果链条】事故过程由[货物滑落]引发 → [货物滑落]由[端头木方脱落]导致 → [木方脱落]由[潮湿环境降低摩擦系数]导致 → [湿度超标]由[雨季持续降水+临时地面排水不良]导致 → 最终导致'施工现场人员安全管理体系不健全'（未建立季节性环境应对预案）

【结论】因此，'施工现场人员安全管理体系不健全'是导致事故的关键原因，具体表现为空间管理部门未针对雨季环境变化采取预防措施。

</think>
直接原因: 工地卸载货物操作不规范
间接原因: 施工现场人员安全管理体系不健全",工地卸载货物操作不规范,施工现场人员安全管理体系不健全,1,1
运输,"事故描述： 某建筑工地卸货区，一辆重型卡车在倒车卸货时，因司机未按规范操作且现场无人指挥，导致车辆后部撞击临时堆放区，造成钢构件倒塌。3名工人被砸伤，其中1人重伤。事故还导致价值20万元的建材损毁，项目停工半天。  

",重型车辆操作规范;工地卸载货物操作不规范,企业管理车辆驾驶规范责任失效,15,"<think> 
- 【直接原因1】【关键细节】
事故过程涉及：
A（暴雨天气） - 卸货区域地面湿滑泥泞
B（黄昏时段） - 自然光照不足影响视线判断
C（松软土质） - 长期雨水浸泡导致地基承载力下降

【因果链条】
事故过程由[车厢支架触碰堆积钢板]引发 → 
[误判安全距离]由[暴雨导致地面反光干扰视觉]导致 → 
[操控困难]由[松软土质使液压系统下沉偏移]加剧 → 
[应急处置不当]由[昏暗光线延误危险识别]导致 → 
最终暴露'工地卸载货物操作不规范'（未针对极端环境制定特殊工况预案）

【结论】
因此，在恶劣环境叠加的特殊工况下，'工地卸载货物操作不规范'是导致事故的关键原因，具体表现为未建立雨天地基检测制度、未配置防滑导向装置等系统性操作缺陷。

间接原因分析:
- 【间接原因1】【关键细节】
事故过程涉及：
细节A（暴雨积水）：事发时正值暴雨天气，卸货区域出现明显积水
细节B（能见度低）：强降雨导致作业现场能见度低于5米
细节C（地质松软）：持续降水使临时堆料场基础沉降达15cm

【因果链条】
事故过程由[暴雨积水导致制动效能降低]引发 → [能见度低致使司机未能及时观察到堆料场地变形警示线]导致 → [地质松软条件下未采取加固措施仍进行卸货作业]致使 → [企业未建立极端天气应急预案及作业中断制度] → 最终导致'企业管理车辆驾驶规范责任失效'

【结论】
因此，尽管直接诱因为环境因素（暴雨），但根源在于企业未针对气候变化建立动态管理制度，特别是缺乏汛期作业专项规程和突发天气预警机制，这属于典型的""企业管理车辆驾驶规范责任失效""

</think>
直接原因: 工地卸载货物操作不规范
间接原因: 企业管理车辆驾驶规范责任失效",工地卸载货物操作不规范,企业管理车辆驾驶规范责任失效,1,1
运输,2023年5月12日上午10时许，某建筑工地发生一起卸货事故。一辆载有预制构件的重型卡车在卸货时，因司机未接受规范培训，未按标准流程操作自卸装置，导致货物倾斜坍塌。同时现场安全员未及时叫停作业，造成3名装卸工人被砸伤。事故导致价值15万元的构件损毁，项目进度延误3天。事后项目组立即停工整顿，加强装卸作业安全培训，并完善了重型设备操作双人确认制度。,工地卸载货物操作不规范;车间装卸货物规范安全操作,重型车辆驾驶员运输培训不到位;施工现场人员安全管理体系不健全,21,"<think> 
- 【直接原因1】【关键细节】
事故过程涉及：
A（货车司机未经专业培训擅自操作自卸车）
B（现场无安全监督人员在场）
C（暴雨后松软地基导致车身倾斜）

【因果链条】
事故过程由[货车倾翻]引发 → 
[货车倾翻]由[暴雨后地基地基承载力下降]导致 → 
[地基问题]因[未进行雨季施工专项评估]加剧 → 
[缺乏专项评估]源于[安全管理制度未明确极端天气应对程序] → 
最终导致'工地卸载货物操作不规范'

【结论】
因此，'工地卸载货物操作不规范'是导致事故的关键原因，其本质是安全管理体系未能针对恶劣天气条件制定特殊操作规程所致。

间接原因分析:
- 【间接原因1】【关键细节】事故过程涉及：
细节A（货车司机未持有特种设备作业许可证）
细节B（现场未设置专人指挥卸载作业）
细节C（企业未建立卸载作业应急预案）

【因果链条】事故过程由[货车倾覆]引发 → [倾覆]由[司机违规操作自卸装置]导致 → [违规操作]由[缺少现场安全监护人员]导致 → [缺岗]由[企业未实施作业许可管理制度]导致 → 最终导致'企业管理车辆驾驶规范责任失效'

【结论】因此，'企业管理车辆驾驶规范责任失效'是导致事故的关键原因，具体表现为：未落实持证上岗制度、未执行高温天气作业防护标准、未建立健全的安全监督体系。

</think>
直接原因: 工地卸载货物操作不规范
间接原因: 企业管理车辆驾驶规范责任失效",工地卸载货物操作不规范,企业管理车辆驾驶规范责任失效,1,1
上货,事故描述：某建筑工地，一辆满载钢材的重型卡车在上货时，因司机未按规范固定货物，且现场监管缺失，导致钢材在卸载时突然滑落，砸中附近两名工人。事故造成一人腿部骨折，另一人轻伤。企业紧急启动应急预案，将伤者送医，并停工整顿。调查发现，企业管理松散，未严格执行车辆操作培训与监督，后续被勒令整改并罚款。,重型车辆操作规范;工地卸载货物操作不规范,企业管理车辆驾驶规范责任失效,24,"<think> 
- 【直接原因1】【关键细节】
事故过程涉及：
细节A（货车液压锁止装置老化失灵）：卸载作业时液压系统未能锁定平台高度
细节B（警示标识缺失）：车辆维修记录显示已3年未更新安全警示标志
细节C（岗前体检异常）：涉事司机听力检测不合格但仍在岗作业

【因果链条】
事故过程由[钢材坠落]引发 → 
[钢材坠落]由[液压平台失控]导致 → 
[液压平台失控]由[锁止装置老化+司机误判状态]共同导致 → 
[误判状态]由[缺乏听觉预警能力]导致 → 
[听觉缺陷]由[岗前体检制度执行缺位]导致 → 
最终导致'工地卸载货物操作不规范'

【结论】
因此，在设备老化的技术缺陷与安全管理漏洞双重作用下，'工地卸载货物操作不规范'是导致事故的关键因素。具体表现为：既未及时更换故障液压系统，又忽视特殊岗位健康监测，致使本可通过规范操作避免的技术隐患最终酿成事故。

间接原因分析:
- 【间接原因1】【关键细节】  
事故过程涉及：  
**细节A（违规操作）**: 司机在未确认绑扎牢固的情况下擅自开始卸载作业；  
**细节B（设备缺陷）**: 车辆液压升降台存在密封不良问题，导致操作精度下降；  
**细节C（环境影响）**: 工地持续强光照干扰司机对货物绑扎状态的视觉判断。  

【因果链条】  
事故过程由*[细节A：司机违规提前卸载]*引发 →  
*细节A*由*[环节B：车载超载报警系统失效]*导致（设备老化致传感器灵敏度不足）→  
*环节B*由*[环节C：未按规定进行防暴晒防护升级]*导致（未考虑热带气候工况设计缺陷）→  
*环节C*由*[环节D：企业未建立高温季节作业规程]*导致（技术标准制定滞后于环境变化）→  
最终导致'*企业管理车辆驾驶规范责任失效*'（综合容忍落后技术和危险作业习惯）。  

【结论】  
因此，'企业管理车辆驾驶规范责任失效'是导致事故的关键原因，具体表现为：放任设备带病运行、漠视地理环境适应性要求、纵容非标准化作业惯性。

</think>
直接原因: 工地卸载货物操作不规范
间接原因: 企业管理车辆驾驶规范责任失效",工地卸载货物操作不规范,企业管理车辆驾驶规范责任失效,1,1
上货,事故描述：某日上午10点15分，在XX项目工地卸货区，一辆载有预制混凝土构件的重型卡车正在进行卸货作业。由于驾驶员未接受完整操作培训，在未确认吊装区域安全的情况下擅自启动自卸装置。导致卡车重心失衡侧翻，价值12万元的预制构件损毁，并压坏相邻的施工配电箱，造成工地局部停电2小时。事故发生后，现场立即启动应急预案：设置隔离区、转移受损设备，并联系供应商紧急调货。项目因此延误8小时，直接经济损失达18万元。事后调查发现该驾驶员上岗前仅接受过2小时简易培训。,工地卸载货物操作不规范;重型车辆操作规范,重型车辆驾驶员运输培训不到位,8,"<think> 
- 【直接原因1】【关键细节】
事故过程涉及：
细节A（暴雨天气）：事发时正值暴雨，地面湿滑松软
细节B（地质条件）：卸料场地存在轻微沉降裂缝
细节C（光照影响）：强降雨导致能见度降低至5米以内

【因果链条】
事故过程由[货车倾覆]引发 → 
[货车倾覆]由[车身右侧着地陷落]导致 → 
[车身右侧着地陷落]由[暴雨积水使地面承载力下降]和[地质沉降加剧]共同作用导致 → 
[地面状况恶化]由[未采取雨天防滑措施]导致 → 
最终导致'工地卸载货物操作不规范'

【结论】
因此，'工地卸载货物操作不规范'是导致事故的关键原因。具体表现为在已知恶劣环境条件下，既未实施排水处理也未调整卸载方案，仍按常规操作流程执行任务。

间接原因分析:
- 【间接原因1】【关键细节】事故过程涉及：
细节A（突发阵风导致起重物晃动）
细节B（雨后松软地基导致支腿下沉）
细节C（黄昏光线不足影响司机判断）

【因果链条】事故过程由[起重物撞击墙面受阻]引发 → [碰撞受阻]由[突发阵风导致起重物晃动]和[墙体位移]共同导致 → [墙体位移]由[雨后地基承载力下降]导致 → [地基问题]由[未进行地质承载力复检]导致 → [技术检测缺失]由[岗前培训未覆盖复杂工况处置]导致 → 最终导致'重型车辆驾驶员运输培训不到位'

【结论】因此，'重型车辆驾驶员运输培训不到位'是导致事故的关键原因。虽然环境因素（阵风/雨水/光照）构成直接诱因，但根本在于培训体系未教授特殊环境下的协同作业风险评估与应对技能。

</think>
直接原因: 工地卸载货物操作不规范
间接原因: 重型车辆驾驶员运输培训不到位",工地卸载货物操作不规范,重型车辆驾驶员运输培训不到位,1,1
下货,事故描述：某建筑工地卸货区，一辆满载钢材的重型卡车在倒车卸货时，因驾驶员未按规范操作，车辆后轮碾压松软地面导致侧倾。车上钢材滑落砸中两名正在卸货的工人，造成一人腿部骨折、一人腰部挫伤。现场安全员立即启动应急预案，暂停作业并拨打120送医。事后调查发现，该驾驶员未完成岗前装卸培训，企业也未定期检查车辆作业规范执行情况。项目组随即组织全员安全培训并修订装卸作业规程。,重型车辆操作规范;车间装卸货物规范安全操作,重型车辆驾驶员运输培训不到位;企业管理车辆驾驶规范责任失效,13,"<think> 
- 【直接原因1】【关键细节】
事故过程涉及：
细节A（违规操作）：司机*春雷未经确认就擅自进行倒车卸货作业
细节B（设备缺陷）：货车液压举升系统缺少防侧翻安全装置
细节C（环境隐患）：卸货场地未设置隔离警示标识且存在地面沉降

【因果链条】
事故过程由[细节A 违规操作]引发 → 
[细节A]由[安全制度缺失]导致（未建立双人确认机制）→ 
[安全制度缺失]由[风险评估不足]导致（未识别倒车作业高风险场景）→ 
[风险评估不足]暴露[责任体系缺位]（项目经理未履行安全监督职责）→ 
最终导致'工地卸载货物操作不规范'

【结论】
因此，'工地卸载货物操作不规范'是导致事故的关键原因，其本质是安全管理体系漏洞催生的人为操作失误，在于未能通过制度约束和技术防护来预防不规范操作的发生。

间接原因分析:
- 【间接原因1】【关键细节】  
事故过程涉及：  
**细节A（司机未接受正规倒车操作培训）**：司机*春雷凭主观经验判断停车位置，未使用随车仪警报辅助；  
**细节B（企业未划定专用卸货区域）**：事发地土质松软无承重标识，周边无安全隔离设施；  
**细节C（未配备实时监控人员）**：卸货作业期间无专职安全员在现场督导向；  

**因果链条**  
事故过程由*[司机违规倒车操作]*引发 → *[操作失误]*源于*[企业未实施标准化培训]* → *[培训缺失]*反映*[安全管理制度未覆盖特种作业环节]* → *[制度漏洞]*暴露*[企业未建立动态风险管控机制]* → 最终导致'*企业管理车辆驾驶规范责任失效*'  

**结论**  
因此，'企业管理车辆驾驶规范责任失效'是导致事故的关键原因，具体表现为：未将倒车作业纳入专项培训范畴、未落实作业区域分级管控制度、未配置关键岗位监护人员，形成安全管理闭环断裂。

</think>
直接原因: 工地卸载货物操作不规范
间接原因: 企业管理车辆驾驶规范责任失效",工地卸载货物操作不规范,企业管理车辆驾驶规范责任失效,1,1
下货,事故描述：某建筑工地下货过程中，一辆未接受规范培训的重型卡车驾驶员在倒车时操作失误，导致车辆侧翻，砸中旁边堆放的预制构件。事故造成3名工人轻伤，价值15万元的构件损毁，现场作业中断6小时。处理流程：立即启动应急预案，疏散人员并救治伤员；封锁现场进行安全评估；通知保险公司定损；事后对涉事驾驶员进行再培训，并加强供应链运输环节的操作规范检查。,重型车辆操作规范,重型车辆驾驶员运输培训不到位,21,"<think> 
- 【直接原因1】【关键细节】
事故过程涉及：
A（违规操作）：无证且未经专业培训的司机擅自操控重型机械
B（判断错误）：司机在倒车时未能正确评估场地情况
C（技能缺失）：司机缺乏对重型车辆稳定性的基本认知

【因果链条】
事故过程由[车辆侧翻]引发 → 
[车辆侧翻]由[不当倒车操作]导致 → 
[不当倒车操作]由[司机盲目自信冒险作业]导致 → 
[冒然作业]由[完全缺乏专业技能培训]导致 → 
最终导致'车辆行驶稳定性管理'体系失效

【结论】
因此，'车辆行驶稳定性管理'是导致事故的关键原因。具体表现为：企业未建立有效的驾驶员资质审查制度（缺少准入管控）、未实施标准化操作培训（技能管理缺位）、未设置作业监督机制（过程失控），这些安全管理漏洞共同造成了车辆行驶稳定性管理的系统性失效。

间接原因分析:
- 【间接原因1】【关键细节】事故过程涉及：
细节A（无证操作）：事故发生时是由未取得驾驶证且未经任何操作培训的尹**人负责装运混凝土工作
细节B（违章指挥）：现场未见安全员制止无证操作行为，负责人未安排持证人员作业
细节C（交叉作业）：事发时有多支施工队伍在同一区域作业，但无人提醒移动路径危险

【因果链条】事故过程由[无证操作]引发 → [无证操作]由[现场安全监护缺席]导致 → [安全监护缺席]由[责任划分不清]导致 → [责任不明]由[岗前安全责任制未落实]导致 → 最终导致'施工现场人员安全管理体系不健全'

【结论】因此，'施工现场人员安全管理体系不健全'是导致事故的关键原因，具体表现为：未建立有效证件管理制度、未明确各岗位安全职责、未配置专职安全监理工序混乱等系统性管理缺陷。

</think>
直接原因: 车辆行驶稳定性管理
间接原因: 施工现场人员安全管理体系不健全",车辆行驶稳定性管理,施工现场人员安全管理体系不健全,1,1
运输,事故描述：某建筑工地混凝土搅拌车卸料时，司机未按规定放下支腿便升起料斗，导致车辆重心失衡侧翻。倾倒的混凝土压垮临时围挡，造成2名路过工人轻伤。现场安全员发现后立即启动应急预案：暂停卸货作业、疏散人员、救治伤员并报告项目经理。调查发现该司机未接受正规操作培训，企业车辆安全检查记录也存在造假情况。项目组被责令停工整顿，企业被处以5万元罚款并全面整改运输管理制度。,重型车辆操作规范;工地卸载货物操作不规范,施工现场人员安全管理体系不健全;企业管理车辆驾驶规范责任失效,23,"<think> 
- 【直接原因1】【关键细节】
事故过程涉及：
细节A（暴雨天气）：事故发生时正值暴雨天气，地面湿滑松软
细节B（地质条件）：施工区域地基承载力不足，存在轻微沉降
细节C（光照限制）：阴雨天光线昏暗影响司机视线判断

【因果链条】
事故过程由[拌合站支撑塌陷]引发 → 
[支撑塌陷]由[暴雨浸蚀地基]导致 → 
[地基问题]因[未按规范进行地质勘察验收]加剧 → 
[勘察缺失]致使[车辆稳定工况评估不足] → 
最终导致'车辆行驶稳定性管理'体系失效

【结论】
因此，'车辆行驶稳定性管理'是导致事故的关键原因。环境因素虽直接影响事故触发，但根本在于管理系统未能针对特殊工况制定相应的稳定性控制措施和技术标准。

间接原因分析:
- 【间接原因1】【关键细节】事故过程涉及：
细节A（极端天气导致地面松软）：事发时持续降雨使施工区域地面含水量饱和
细节B（能见度不足）：阴雨天气导致白天自然光照强度降低40%
细节C（地质条件恶化）：连续降水使原硬质化场地出现局部沉降变形

【因果链条】事故过程由[车载液压系统异常升臂]引发 → [液压系统误动作]由[雨水渗入电气控制系统]导致 → [电路故障]由[未设置防潮密封装置]导致 → [设备缺陷]由[未考虑当地多雨气候的技术规范]导致 → 最终导致'企业管理车辆驾驶规范责任失效'

【结论】因此，'企业管理车辆驾驶规范责任失效'是导致事故的关键原因。具体表现为：企业既未针对热带多雨气候修订设备技术标准，也未建立应对恶劣天气的专项操作规程，在环境突变情况下暴露出管理体系的根本缺陷。

</think>
直接原因: 车辆行驶稳定性管理
间接原因: 企业管理车辆驾驶规范责任失效",车辆行驶稳定性管理,企业管理车辆驾驶规范责任失效,1,1
运输,"事故描述：
某建筑公司运输车队在夜间转运预制构件时，因装卸工未按规范固定货物，导致车辆行驶中构件倾斜。驾驶员超速通过弯道，车辆失控侧翻，部分构件坠落损毁，阻塞交通。事故造成1名装卸工轻伤，直接损失约15万元。  
",车间装卸货物规范安全操作;车辆行驶稳定性管理,企业管理车辆驾驶规范责任失效;施工现场人员安全管理体系不健全,14,"<think> 
- 【直接原因1】【关键细节】
事故过程涉及：
细节A（暴雨天气导致路面湿滑）
细节B（夜间低能见度条件下司机未能及时发现路况变化）
细节C（雨水浸泡路基导致弯道路况恶化）

【因果链条】
事故过程由[车辆侧翻]引发 → 
[车辆侧翻]由[轮胎打滑失去抓地力]导致 → 
[轮胎打滑]由[暴雨积水路面与不适当车速]共同导致 → 
[超速行驶]由[夜间低能见度延误了避险反应时间]导致 → 
[避险不及]由[被水浸软化的路面降低了弯道稳定性阈值]导致最终导致'车辆行驶稳定性管理'

【结论】
因此，'车辆行驶稳定性管理'是导致事故的关键原因。具体表现为系统未能针对复合环境风险（雨天/夜间/特殊地质）自动调整稳定控制参数，在外置环境变量超出设计容错范围时缺乏有效补偿机制。

- 【直接原因2】【关键细节】事故过程涉及：
细节A（深夜强风干扰视线）：事发时段出现突发性强风，导致车载固定装置松动
细节B（潮湿锈蚀锁扣）：近期持续阴雨导致货车上固定用的标准锁扣发生锈蚀断裂
细节C（月光反射误判）：满月造成的强烈反光使司机误判前方弯道路况

【因果链条】事故过程由[构件倾倒]引发 → [构件倾倒]由[锁扣断裂+绑扎不牢]导致 → [锁扣断裂]由[潮气腐蚀+金属疲劳]导致 → [绑扎不规]由[月光照亮作业面促使违规操作]导致 → 环境因素暴露[未执行恶劣天气检查制度] → 最终导致'车间装卸货物规范安全操作'

【结论】因此，'车间装卸货物规范安全操作'是导致事故的关键原因。环境因素虽直接影响设备性能，但根本在于未按规定应对特殊气象条件下的装卸标准程序缺失。

间接原因分析:
- 【间接原因1】【关键细节】
事故过程涉及：
细节A（极端天气影响）：事故发生当晚突降暴雨导致路面湿滑
细节B（地质条件限制）：转弯路段存在轻微路基沉降形成的波浪形路面
细节C（光照条件不足）：凌晨19:30日落后2小时内现场无任何辅助照明设施

【因果链条】
事故过程由[车辆失控侧翻]引发 → 
[车辆失控侧翻]由[制动距离延长+离心力作用异常]导致 → 
[制动距离延长]由[暴雨后路面形成镜面效应(摩擦系数降至0.3)]和[未安装雨量感应刹车系统]共同导致 → 
[离心力作用异常]由[未对波浪形路面进行平整处理+(老旧车型缺少电子稳定控制系统)]导致 → 
所有技术缺陷均源于[企业未建立动态路况响应机制和强制升级防滑标准] → 
最终导致'企业管理车辆驾驶规范责任失效'

【结论】
因此，'企业管理车辆驾驶规范责任失效'是导致事故的关键原因，具体表现为：未针对暴雨天气制定特殊限速规定、未要求整改危险路段几何形态、未配备必要主动安全技术装备等系统性管理缺位。

</think>
直接原因: 车辆行驶稳定性管理，车间装卸货物规范安全操作
间接原因: 企业管理车辆驾驶规范责任失效","车辆行驶稳定性管理, 车间装卸货物规范安全操作",企业管理车辆驾驶规范责任失效,2,1
运输,2023年5月12日，某建筑公司运输车队在山区高速公路下坡路段发生侧翻事故。当时驾驶员未按规定减速，在连续弯道处操作失控，导致载有钢结构构件的重型半挂车冲出护栏。事故造成价值80万元的建材损毁，高速公路护栏损坏50米，所幸无人员伤亡。事后调查发现，该驾驶员未完成山区道路专项培训，公司也未建立高风险路段行车规范。项目组立即启动应急预案，协调备用材料运输，同时暂停涉事运输公司合作，全面整改驾驶员培训体系。,车辆行驶稳定性管理;高风险路段驾驶行为不合规,施工现场人员安全管理体系不健全;重型车辆驾驶员运输培训不到位,8,"<think> 
- 【直接原因1】【关键细节】
事故过程涉及：
细节A（违规操作）：司机谢克增在长下坡连续弯道路段未采取有效制动措施
细节B（资质缺陷）：涉事企业未对司机进行山区特殊路况专项培训
细节C（制度缺失）：运输合同中未明确设置转弯地段限速监控要求

【因果链条】
事故过程由[司机未采取有效制动]引发 → 
[无效制动]源于[企业未开展山区路况专项培训] → 
[培训缺失]反映[风控部门未识别连续弯道风险] → 
[风险评估不足]暴露[安全管理制度未覆盖特种环境作业] → 
最终导致'高风险路段驾驶行为不合规'

【结论】
因此，'高风险路段驾驶行为不合规'是致使事故的关键原因，其根源在于安全管理体系存在环境适应性评估不足、特殊工况培训缺位等系统性漏洞。

间接原因分析:
- 【间接原因1】【关键细节】
事故过程涉及：
细节A（司机未经认证培训）：谢克增未接受过高原山区特殊路况驾驶培训
细节B（应急处置不当）：事发时未采取点刹等标准操作程序
细节C（路线风险评估缺失）：运输方案未针对G347国道连续弯道特性制定管控措施

【因果链条】
事故过程由[应急处置不当]引发 → 
[应急处置不当]由[司机未经认证培训]导致 → 
[司机未经认证培训]由[培训体系缺乏高原路段科目]导致 → 
[培训体系缺陷]由[安全管理制度未明确特殊环境培训要求]导致 → 
最终导致'施工现场人员安全管理体系不健全'

【结论】
因此，'施工现场人员安全管理体系不健全'是导致事故的关键原因，具体表现为：未建立分级培训制度、未识别高原地形操作风险、未将应急演练纳入日常考核等人为因素管理漏洞。

</think>
直接原因: 高风险路段驾驶行为不合规
间接原因: 施工现场人员安全管理体系不健全",高风险路段驾驶行为不合规,施工现场人员安全管理体系不健全,1,1
下货,某建筑工地卸货区，工人未按规范操作叉车卸载钢筋，导致货物倾斜坍塌。3捆钢筋从货车滑落，砸中下方2名工人，造成1人腿部骨折、1人轻伤。事故发生后，现场安全员立即启动应急预案：暂停卸货作业、设置警戒区，伤者送医治疗。调查发现卸货平台未配备防滑装置，且作业前未进行安全交底。项目组随即组织全员安全培训，并加装卸货防护设施。,车间装卸货物规范安全操作;工地卸载货物操作不规范,施工现场人员安全管理体系不健全;运输过程合规性监管失效,14,"<think> 
- 【直接原因1】【关键细节】
事故过程涉及：
细节A（暴雨天气导致地面湿滑积水）
细节B（夜间作业照明不足影响视线判断）
细节C（钢筋受潮后重量增加超出预期）

【因果链条】
事故过程由[钢筋垮塌]引发 → 
[钢筋垮塌]由[液压升降机承重传感器失灵]导致 → 
[液压升降机承重传感器失灵]由[暴雨积水腐蚀设备部件]导致 → 
[暴雨积水腐蚀设备部件]暴露'工地卸载货物操作不规范'（未执行雨天设备检查制度）→ 
最终导致'工地卸载货物操作不规范'

【结论】
因此，'工地卸载货物操作不规范'是导致事故的关键原因。虽然暴雨和光照条件构成环境诱因，但根本在于操作方未针对特殊天气调整卸载方案，违反了规范要求的风险评估流程。

间接原因分析:
- 【间接原因1】【关键细节】事故过程涉及：
细节A：暴雨天气导致地面松软泥泞
细节B：黄昏时段能见度降低影响作业可视距离
细节C：未铺设防滑垫片的卸货平台在潮湿条件下存在打滑隐患

【因果链条】事故过程由[钢筋成捆滑脱]引发 → [滑脱]由[平台表面湿滑+无防滑措施]导致 → [湿滑]由[暴雨积水泥浆渗透]导致 → [无防滑措施]由[未实施雨天特别管控]导致 → 最终导致'施工现场人员安全管理体系不健全'

【结论】因此，'施工现场人员安全管理体系不健全'是导致事故的关键原因，具体表现为未能建立有效的恶劣天气作业规程和实时风险防控机制。

</think>
直接原因: 工地卸载货物操作不规范
间接原因: 施工现场人员安全管理体系不健全",工地卸载货物操作不规范,施工现场人员安全管理体系不健全,1,1
下货,事故描述：某建筑项目钢材运输至工地下货时，重型卡车在工地入口陡坡处违规倒车卸货。由于驾驶员未接受完整操作培训且现场无监管人员，车辆失控侧翻，导致3吨钢材滑落砸毁临时工棚。事故造成2名工人轻伤，项目停工8小时。处理流程：1）启动应急预案救治伤员；2）调派起重机扶正车辆；3）安全评估后清理散落钢材；4）追查运输公司培训记录及监管疏漏。直接经济损失达15万元。,重型车辆操作规范;高风险路段驾驶行为不合规,运输过程合规性监管失效;重型车辆驾驶员运输培训不到位,21,"<think> 
- 【直接原因1】【关键细节】
事故过程涉及：
细节A（暴雨天气导致地面湿滑泥泞）
细节B（夜间作业照明不足）
细节C（陡坡地段缺乏防滑警示标识）

【因果链条】
事故过程由[车辆逆向行驶并侧翻]引发 → 
[车辆失控]由[雨天湿滑路面+陡坡地形]导致摩擦系数骤降 → 
[危险倒车操作]因[夜间能见度不足无法准确判断路况]加剧 → 
[缺乏防护措施]暴露[环境风险评估缺失]的根本缺陷 → 
最终导致'工地卸载货物操作不规范'（未针对恶劣天气调整作业方案）

【结论】
因此，'工地卸载货物操作不规范'是导致事故的关键原因，具体表现为在暴雨预警期间仍按常规方案进行夜间卸货作业，未采取增设防滑垫、强化照明或暂停高温时段作业等适应性措施。

间接原因分析:
- 【间接原因1】【关键细节】
事故过程涉及：
细节A（极端天气影响）：事发时遭遇强降雨导致工地地面松软泥泞
细节B（地质条件恶化）：持续降水使出入道路路基流失，出现明显沉降变形
细节C（光照限制）：阴雨天气导致工地监控系统有效可视距离缩短

【因果链条】
事故过程由[车辆在坡道逆向行驶打滑侧翻]引发 → 
[打滑侧翻]由[极端降雨导致路面附着系数骤降至0.2以下]导致 → 
[路面状况失控]由[地质沉降使坡道倾斜角度超出设计参数15%]加剧 → 
[风险监测失效]由[企业未建立极端天气行车禁令制度]导致 → 
最终导致'企业管理车辆驾驶规范责任失效'

【结论】
因此，'企业管理车辆驾驶规范责任失效'是导致事故的关键原因，具体表现为：未根据气象预警调整运输计划、未设置地质变化监测点、未配备防滑胎设备强制标准，在环境突变情况下丧失了对特殊工况的管控能力。

</think>
直接原因: 工地卸载货物操作不规范
间接原因: 企业管理车辆驾驶规范责任失效",工地卸载货物操作不规范,企业管理车辆驾驶规范责任失效,1,1
运输,2023年5月12日，某建材运输公司司机张某驾驶满载钢筋的货车在沪昆高速行驶时，因疲劳驾驶且超速行驶，在转弯处失控侧翻。事故导致价值80万元的钢筋散落损毁，并造成高速公路堵塞3小时。企业立即启动应急预案，协调交警处理现场，调派备用车辆转运货物，同时暂停涉事司机工作，开展全员安全培训。事后调查发现公司长期忽视驾驶员考核和GPS监控管理，最终被处以15万元罚款。,车辆操作安全意识淡薄;车辆行驶稳定性管理,企业管理车辆驾驶规范责任失效,7,"<think> 
- 【直接原因1】【关键细节】
事故过程涉及：
细节A（违规解除限速）：肇事车属单位通过变造《道路运输证》违法解除车载限速装置
细节B（资质审核缺失）：安监部门未核查道路运输证真实性，允许使用篡改证件的营运车辆
细节C（动态监控缺位）：事发前7天同一车型连续出现4次超速报警均未处置

【因果链条】
事故过程由[违规解除限速]引发 → 
[违规解除限速]由[动态监控系统未触发预警]导致 → 
[监控失灵]由[安监部门未落实双随机抽查制度]导致 → 
[制度执行漏洞]源于[企业未建立有效的第三方证件审查机制] → 
最终导致'超速与载重合规性'管控体系全面失效

【结论】
因此，《超速与载重合规性》是导致事故的关键原因，其本质是安全管理制度未能穿透式监管车辆实际运行状态，特别是企业规避主管部门检查的技术造假手段暴露出现合规审查体系的重大缺陷。

间接原因分析:
- 【间接原因1】【关键细节】  
  - **事实A**：王某林未经许可擅自关闭燃油舱密闭人孔盖并进行清舱作业  
  - **事实B**：李某云作为作业监护人在场却未及时制止违章操作行为  
  - **事实C**：事故发生后约16分钟才联系外部救援力量  

- 【因果链条】  
  本次事故由**事实A（违规动火作业）**直接引发 →  
  **事实A**由**环节B（安全管理职责模糊）**导致（即未明确界定各类作业审批权限） →  
  **环节B**由**环节C（风险评估制度缺失）**导致（未针对燃油舱特殊空间作业制定专项规程） →  
  **环节C**由**环节D（岗位责任制执行不力）**导致（监护人员未履行实时干预义务） →  
  最终导致'施工现场人员安全管理体系不健全'

- 【结论】  
  因此，'施工现场人员安全管理体系不健全'是导致事故的关键原因，具体表现为：未建立分级授权的操作流程、缺乏特种作业监管机制、未配置专职安全监督员等系统性管理缺陷。

</think>
直接原因: 超速与载重合规性
间接原因: 施工现场人员安全管理体系不健全",超速与载重合规性,施工现场人员安全管理体系不健全,1,1
,,,,1254,,,,,
,,,,15.675,,,,,
